rundate,this_period,foreign_region,foreign_country,UK_airport,foreign_airport,total_pax_this_period,total_pax_scheduled_this_period,total_pax_charter_this_period,total_pax_last_period,total_pax_scheduled_last_period,total_pax_charter_last_period,total_pax_percent
28/07/2026 12:05,202605,WESTERN EUROPE-EU,AUSTRIA,GATWICK,GRAZ,2114,2114,0,0,0,0,0
28/07/2026 12:05,202605,WESTERN EUROPE-EU,AUSTRIA,GATWICK,INNSBRUCK,3439,3439,0,4063,4063,0,-15.35811
28/07/2026 12:05,202605,WESTERN EUROPE-EU,AUSTRIA,GATWICK,SALZBURG,7282,6817,465,5940,5447,493,22.592593
28/07/2026 12:05,202605,WESTERN EUROPE-EU,AUSTRIA,GATWICK,VIENNA,370,0,370,25492,25492,0,-98.548564
28/07/2026 12:05,202605,WESTERN EUROPE-EU,AUSTRIA,HEATHROW,VIENNA,65801,65801,0,62790,62790,0,4.79535
28/07/2026 12:05,202605,WESTERN EUROPE-EU,AUSTRIA,LONDON CITY,VIENNA,90,90,0,0,0,0,0
28/07/2026 12:05,202605,WESTERN EUROPE-EU,AUSTRIA,STANSTED,KLAGENFURT,2627,2627,0,2374,2374,0,10.657119
28/07/2026 12:05,202605,WESTERN EUROPE-EU,AUSTRIA,STANSTED,LINZ,3068,3068,0,2561,2561,0,19.796954
28/07/2026 12:05,202605,WESTERN EUROPE-EU,AUSTRIA,STANSTED,SALZBURG,7793,7793,0,6053,6053,0,28.746076
28/07/2026 12:05,202605,WESTERN EUROPE-EU,AUSTRIA,STANSTED,VIENNA,32985,32985,0,29740,29740,0,10.911231
28/07/2026 12:05,202605,WESTERN EUROPE-EU,AUSTRIA,BIGGIN HILL,GRAZ,10,0,10,0,0,0,0
28/07/2026 12:05,202605,WESTERN EUROPE-EU,AUSTRIA,BIRMINGHAM,INNSBRUCK,400,400,0,487,487,0,-17.864476
28/07/2026 12:05,202605,WESTERN EUROPE-EU,AUSTRIA,BIRMINGHAM,SALZBURG,446,0,446,427,0,427,4.449649
28/07/2026 12:05,202605,WESTERN EUROPE-EU,AUSTRIA,BIRMINGHAM,VIENNA,521,0,521,0,0,0,0
28/07/2026 12:05,202605,WESTERN EUROPE-EU,AUSTRIA,EDINBURGH,VIENNA,9276,9276,0,4940,4940,0,87.773279
28/07/2026 12:05,202605,WESTERN EUROPE-EU,AUSTRIA,GLASGOW,SALZBURG,74,0,74,96,0,96,-22.916667
28/07/2026 12:05,202605,WESTERN EUROPE-EU,AUSTRIA,GLASGOW,VIENNA,0,0,0,86,0,86,-100
28/07/2026 12:05,202605,WESTERN EUROPE-EU,AUSTRIA,JERSEY,VIENNA,0,0,0,267,0,267,-100
28/07/2026 12:05,202605,WESTERN EUROPE-EU,AUSTRIA,MANCHESTER,INNSBRUCK,462,462,0,558,558,0,-17.204301
28/07/2026 12:05,202605,WESTERN EUROPE-EU,AUSTRIA,MANCHESTER,SALZBURG,518,0,518,479,0,479,8.141962
28/07/2026 12:05,202605,WESTERN EUROPE-EU,AUSTRIA,MANCHESTER,VIENNA,13077,13077,0,12764,12764,0,2.452209
28/07/2026 12:05,202605,WESTERN EUROPE-EU,AUSTRIA,NEWCASTLE,SALZBURG,420,420,0,505,505,0,-16.831683
28/07/2026 12:05,202605,WESTERN EUROPE-EU,BELGIUM,GATWICK,BRUSSELS,0,0,0,160,160,0,-100
28/07/2026 12:05,202605,WESTERN EUROPE-EU,BELGIUM,HEATHROW,BRUSSELS,44557,44557,0,47069,47069,0,-5.336846
28/07/2026 12:05,202605,WESTERN EUROPE-EU,BELGIUM,LUTON,BRUSSELS,0,0,0,178,178,0,-100
28/07/2026 12:05,202605,WESTERN EUROPE-EU,BELGIUM,ABERDEEN,BRUSSELS,0,0,0,277,102,175,-100
28/07/2026 12:05,202605,WESTERN EUROPE-EU,BELGIUM,BIRMINGHAM,BRUSSELS,0,0,0,3487,3487,0,-100
28/07/2026 12:05,202605,WESTERN EUROPE-EU,BELGIUM,BRISTOL,OSTEND,0,0,0,173,173,0,-100
28/07/2026 12:05,202605,WESTERN EUROPE-EU,BELGIUM,EDINBURGH,BRUSSELS,7957,7957,0,6943,6943,0,14.604638
28/07/2026 12:05,202605,WESTERN EUROPE-EU,BELGIUM,EDINBURGH,CHARLEROI,11584,11584,0,14435,14435,0,-19.750606
28/07/2026 12:05,202605,WESTERN EUROPE-EU,BELGIUM,GLASGOW,CHARLEROI,0,0,0,2024,2024,0,-100
28/07/2026 12:05,202605,WESTERN EUROPE-EU,BELGIUM,GLASGOW,OSTEND,67,0,67,0,0,0,0
28/07/2026 12:05,202605,WESTERN EUROPE-EU,BELGIUM,MANCHESTER,BRUSSELS,10172,10172,0,11189,11189,0,-9.089284
28/07/2026 12:05,202605,WESTERN EUROPE-EU,BELGIUM,MANCHESTER,CHARLEROI,28209,28209,0,27547,27547,0,2.403165
28/07/2026 12:05,202605,WESTERN EUROPE-EU,BELGIUM,NEWCASTLE,CHARLEROI,2027,2027,0,0,0,0,0
28/07/2026 12:05,202605,WESTERN EUROPE-EU,CROATIA,GATWICK,DUBROVNIK,26988,26988,0,31320,31320,0,-13.831418
28/07/2026 12:05,202605,WESTERN EUROPE-EU,CROATIA,GATWICK,PULA,5344,3585,1759,3410,2056,1354,56.715543
28/07/2026 12:05,202605,WESTERN EUROPE-EU,CROATIA,GATWICK,SPLIT,21800,19812,1988,23065,20854,2211,-5.4845
28/07/2026 12:05,202605,WESTERN EUROPE-EU,CROATIA,GATWICK,ZADAR,559,559,0,581,581,0,-3.786575
28/07/2026 12:05,202605,WESTERN EUROPE-EU,CROATIA,HEATHROW,DUBROVNIK,7456,7456,0,6550,6550,0,13.832061
28/07/2026 12:05,202605,WESTERN EUROPE-EU,CROATIA,HEATHROW,SPLIT,9857,9857,0,8806,8806,0,11.935044
28/07/2026 12:05,202605,WESTERN EUROPE-EU,CROATIA,HEATHROW,ZAGREB,9526,9526,0,8290,8290,0,14.90953
28/07/2026 12:05,202605,WESTERN EUROPE-EU,CROATIA,LUTON,PULA,1008,1008,0,2050,2050,0,-50.829268
28/07/2026 12:05,202605,WESTERN EUROPE-EU,CROATIA,LUTON,SPLIT,18909,18909,0,11783,11783,0,60.476958
28/07/2026 12:05,202605,WESTERN EUROPE-EU,CROATIA,STANSTED,DUBROVNIK,14588,14588,0,12969,12969,0,12.483615
28/07/2026 12:05,202605,WESTERN EUROPE-EU,CROATIA,STANSTED,OSIJEK,0,0,0,2613,2613,0,-100
28/07/2026 12:05,202605,WESTERN EUROPE-EU,CROATIA,STANSTED,PULA,1198,1198,0,1076,1076,0,11.33829
28/07/2026 12:05,202605,WESTERN EUROPE-EU,CROATIA,STANSTED,SPLIT,4498,4498,0,3833,3833,0,17.349335
28/07/2026 12:05,202605,WESTERN EUROPE-EU,CROATIA,STANSTED,ZADAR,3128,3128,0,2436,2436,0,28.407225
28/07/2026 12:05,202605,WESTERN EUROPE-EU,CROATIA,STANSTED,ZAGREB,18512,18512,0,14756,14756,0,25.454053
28/07/2026 12:05,202605,WESTERN EUROPE-EU,CROATIA,BELFAST INTERNATIONAL,DUBROVNIK,1643,1643,0,1725,1725,0,-4.753623
28/07/2026 12:05,202605,WESTERN EUROPE-EU,CROATIA,BIRMINGHAM,DUBROVNIK,6064,6064,0,6128,6128,0,-1.044386
28/07/2026 12:05,202605,WESTERN EUROPE-EU,CROATIA,BIRMINGHAM,PULA,5119,2446,2673,4562,2186,2376,12.209557
28/07/2026 12:05,202605,WESTERN EUROPE-EU,CROATIA,BIRMINGHAM,SPLIT,2976,2976,0,3158,3158,0,-5.763141
28/07/2026 12:05,202605,WESTERN EUROPE-EU,CROATIA,BRISTOL,DUBROVNIK,7028,7028,0,7235,7235,0,-2.861092
28/07/2026 12:05,202605,WESTERN EUROPE-EU,CROATIA,BRISTOL,PULA,3438,3438,0,2756,2756,0,24.746009
28/07/2026 12:05,202605,WESTERN EUROPE-EU,CROATIA,BRISTOL,SPLIT,8350,8350,0,7195,7195,0,16.052814
28/07/2026 12:05,202605,WESTERN EUROPE-EU,CROATIA,CARDIFF WALES,DUBROVNIK,1292,0,1292,1195,0,1195,8.117155
28/07/2026 12:05,202605,WESTERN EUROPE-EU,CROATIA,CITY OF DERRY (EGLINTON),SPLIT,294,0,294,340,0,340,-13.529412
28/07/2026 12:05,202605,WESTERN EUROPE-EU,CROATIA,EAST MIDLANDS INTERNATIONAL,DUBROVNIK,3826,3826,0,3731,3731,0,2.546234
28/07/2026 12:05,202605,WESTERN EUROPE-EU,CROATIA,EAST MIDLANDS INTERNATIONAL,PULA,494,494,0,0,0,0,0
28/07/2026 12:05,202605,WESTERN EUROPE-EU,CROATIA,EDINBURGH,DUBROVNIK,6138,6138,0,5639,5639,0,8.849087
28/07/2026 12:05,202605,WESTERN EUROPE-EU,CROATIA,EDINBURGH,SPLIT,1132,1132,0,2701,2701,0,-58.089596
28/07/2026 12:05,202605,WESTERN EUROPE-EU,CROATIA,GLASGOW,DUBROVNIK,2943,2943,0,1619,1619,0,81.778876
28/07/2026 12:05,202605,WESTERN EUROPE-EU,CROATIA,GLASGOW,SPLIT,2736,2736,0,2527,2527,0,8.270677
28/07/2026 12:05,202605,WESTERN EUROPE-EU,CROATIA,LEEDS BRADFORD,DUBROVNIK,4427,3096,1331,4275,4275,0,3.555556
28/07/2026 12:05,202605,WESTERN EUROPE-EU,CROATIA,LEEDS BRADFORD,SPLIT,2210,2210,0,1905,1905,0,16.010499
28/07/2026 12:05,202605,WESTERN EUROPE-EU,CROATIA,LIVERPOOL (JOHN LENNON),SPLIT,2406,2406,0,0,0,0,0
28/07/2026 12:05,202605,WESTERN EUROPE-EU,CROATIA,MANCHESTER,DUBROVNIK,19620,19620,0,15086,15086,0,30.054355
28/07/2026 12:05,202605,WESTERN EUROPE-EU,CROATIA,MANCHESTER,PULA,4442,2175,2267,4948,2403,2545,-10.226354
28/07/2026 12:05,202605,WESTERN EUROPE-EU,CROATIA,MANCHESTER,SPLIT,11823,9655,2168,10589,8954,1635,11.653603
28/07/2026 12:05,202605,WESTERN EUROPE-EU,CROATIA,MANCHESTER,ZAGREB,4248,4248,0,2946,2946,0,44.195519
28/07/2026 12:05,202605,WESTERN EUROPE-EU,CROATIA,NEWCASTLE,DUBROVNIK,3649,3649,0,2788,2788,0,30.882353
28/07/2026 12:05,202605,WESTERN EUROPE-EU,CROATIA,NEWCASTLE,ZADAR,2746,2746,0,2724,2724,0,0.807636
28/07/2026 12:05,202605,WESTERN EUROPE-EU,CYPRUS,GATWICK,LARNACA,34011,29402,4609,48462,43969,4493,-29.81924
28/07/2026 12:05,202605,WESTERN EUROPE-EU,CYPRUS,GATWICK,PAPHOS,38997,32479,6518,41635,32668,8967,-6.336015
28/07/2026 12:05,202605,WESTERN EUROPE-EU,CYPRUS,HEATHROW,LARNACA,31479,31479,0,39708,39708,0,-20.723784
28/07/2026 12:05,202605,WESTERN EUROPE-EU,CYPRUS,HEATHROW,PAPHOS,4446,4446,0,2723,2723,0,63.275799
28/07/2026 12:05,202605,WESTERN EUROPE-EU,CYPRUS,LUTON,LARNACA,16957,16957,0,19590,19590,0,-13.440531
28/07/2026 12:05,202605,WESTERN EUROPE-EU,CYPRUS,LUTON,PAPHOS,6305,6305,0,8628,7333,1295,-26.923968
28/07/2026 12:05,202605,WESTERN EUROPE-EU,CYPRUS,STANSTED,LARNACA,7086,6714,372,8138,8138,0,-12.927009
28/07/2026 12:05,202605,WESTERN EUROPE-EU,CYPRUS,STANSTED,PAPHOS,17189,14484,2705,15875,12804,3071,8.277165
28/07/2026 12:05,202605,WESTERN EUROPE-EU,CYPRUS,BELFAST INTERNATIONAL,LARNACA,3626,2736,890,3797,2925,872,-4.503555
28/07/2026 12:05,202605,WESTERN EUROPE-EU,CYPRUS,BELFAST INTERNATIONAL,PAPHOS,1129,1129,0,1307,1307,0,-13.618975
28/07/2026 12:05,202605,WESTERN EUROPE-EU,CYPRUS,BIGGIN HILL,LARNACA,0,0,0,9,0,9,-100
28/07/2026 12:05,202605,WESTERN EUROPE-EU,CYPRUS,BIRMINGHAM,LARNACA,14732,11163,3569,15921,11897,4024,-7.468124
28/07/2026 12:05,202605,WESTERN EUROPE-EU,CYPRUS,BIRMINGHAM,PAPHOS,16251,7531,8720,16120,7950,8170,0.812655
28/07/2026 12:05,202605,WESTERN EUROPE-EU,CYPRUS,BOURNEMOUTH,PAPHOS,1920,0,1920,1862,0,1862,3.11493
28/07/2026 12:05,202605,WESTERN EUROPE-EU,CYPRUS,BRISTOL,LARNACA,9848,7486,2362,11584,8831,2753,-14.986188
28/07/2026 12:05,202605,WESTERN EUROPE-EU,CYPRUS,BRISTOL,PAPHOS,9972,5937,4035,11509,6948,4561,-13.354766
28/07/2026 12:05,202605,WESTERN EUROPE-EU,CYPRUS,CARDIFF WALES,LARNACA,2524,0,2524,1763,0,1763,43.16506
28/07/2026 12:05,202605,WESTERN EUROPE-EU,CYPRUS,CARDIFF WALES,PAPHOS,2792,0,2792,2754,0,2754,1.379811
28/07/2026 12:05,202605,WESTERN EUROPE-EU,CYPRUS,EAST MIDLANDS INTERNATIONAL,LARNACA,6472,3426,3046,6573,3471,3102,-1.536589
28/07/2026 12:05,202605,WESTERN EUROPE-EU,CYPRUS,EAST MIDLANDS INTERNATIONAL,PAPHOS,7476,2849,4627,7524,2759,4765,-0.637959
28/07/2026 12:05,202605,WESTERN EUROPE-EU,CYPRUS,EDINBURGH,LARNACA,1341,1341,0,3128,3128,0,-57.129156
28/07/2026 12:05,202605,WESTERN EUROPE-EU,CYPRUS,EDINBURGH,PAPHOS,5559,5559,0,6201,6201,0,-10.353169
28/07/2026 12:05,202605,WESTERN EUROPE-EU,CYPRUS,EXETER,PAPHOS,3262,0,3262,3374,0,3374,-3.319502
28/07/2026 12:05,202605,WESTERN EUROPE-EU,CYPRUS,GLASGOW,LARNACA,3145,3145,0,5535,5535,0,-43.179765
28/07/2026 12:05,202605,WESTERN EUROPE-EU,CYPRUS,GLASGOW,PAPHOS,5578,2851,2727,5758,2877,2881,-3.126085
28/07/2026 12:05,202605,WESTERN EUROPE-EU,CYPRUS,LEEDS BRADFORD,LARNACA,4534,4534,0,5690,5690,0,-20.316344
28/07/2026 12:05,202605,WESTERN EUROPE-EU,CYPRUS,LEEDS BRADFORD,PAPHOS,5636,5636,0,5818,5818,0,-3.128223
28/07/2026 12:05,202605,WESTERN EUROPE-EU,CYPRUS,LIVERPOOL (JOHN LENNON),LARNACA,3138,3138,0,4732,4732,0,-33.685545
28/07/2026 12:05,202605,WESTERN EUROPE-EU,CYPRUS,LIVERPOOL (JOHN LENNON),PAPHOS,3870,3870,0,3891,3891,0,-0.539707
28/07/2026 12:05,202605,WESTERN EUROPE-EU,CYPRUS,MANCHESTER,LARNACA,15761,9519,6242,16540,9833,6707,-4.709794
28/07/2026 12:05,202605,WESTERN EUROPE-EU,CYPRUS,MANCHESTER,PAPHOS,32297,21594,10703,32211,21816,10395,0.26699
28/07/2026 12:05,202605,WESTERN EUROPE-EU,CYPRUS,NEWCASTLE,LARNACA,5790,5790,0,5935,5935,0,-2.443134
28/07/2026 12:05,202605,WESTERN EUROPE-EU,CYPRUS,NEWCASTLE,PAPHOS,10257,10257,0,10261,10261,0,-0.038983
28/07/2026 12:05,202605,WESTERN EUROPE-EU,CYPRUS,NORWICH,PAPHOS,1223,0,1223,1218,0,1218,0.410509
28/07/2026 12:05,202605,WESTERN EUROPE-EU,DENMARK,GATWICK,AALBORG,2074,2074,0,0,0,0,0
28/07/2026 12:05,202605,WESTERN EUROPE-EU,DENMARK,GATWICK,BILLUND,6018,6018,0,0,0,0,0
28/07/2026 12:05,202605,WESTERN EUROPE-EU,DENMARK,GATWICK,COPENHAGEN,43263,43263,0,47391,47391,0,-8.710515
28/07/2026 12:05,202605,WESTERN EUROPE-EU,DENMARK,HEATHROW,BILLUND,12726,12726,0,8426,8426,0,51.032518
28/07/2026 12:05,202605,WESTERN EUROPE-EU,DENMARK,HEATHROW,COPENHAGEN,80159,80159,0,80178,80178,0,-0.023697
28/07/2026 12:05,202605,WESTERN EUROPE-EU,DENMARK,STANSTED,AARHUS (TIRSTRUP),10292,10292,0,6392,6392,0,61.013767
28/07/2026 12:05,202605,WESTERN EUROPE-EU,DENMARK,STANSTED,COPENHAGEN,37117,37117,0,33689,33689,0,10.175428
28/07/2026 12:05,202605,WESTERN EUROPE-EU,DENMARK,ABERDEEN,COPENHAGEN,1427,1427,0,830,830,0,71.927711
28/07/2026 12:05,202605,WESTERN EUROPE-EU,DENMARK,ABERDEEN,ESBJERG,771,646,125,717,717,0,7.531381
28/07/2026 12:05,202605,WESTERN EUROPE-EU,DENMARK,BIRMINGHAM,COPENHAGEN,3863,3863,0,3646,3646,0,5.951728
28/07/2026 12:05,202605,WESTERN EUROPE-EU,DENMARK,BRISTOL,COPENHAGEN,10660,10660,0,8302,8302,0,28.402795
28/07/2026 12:05,202605,WESTERN EUROPE-EU,DENMARK,CARDIFF WALES,ODENSE,0,0,0,123,0,123,-100
28/07/2026 12:05,202605,WESTERN EUROPE-EU,DENMARK,EDINBURGH,BILLUND,2817,2817,0,0,0,0,0
28/07/2026 12:05,202605,WESTERN EUROPE-EU,DENMARK,EDINBURGH,COPENHAGEN,32725,32725,0,26732,26732,0,22.418824
28/07/2026 12:05,202605,WESTERN EUROPE-EU,DENMARK,MANCHESTER,COPENHAGEN,41442,41442,0,38018,38018,0,9.00626
28/07/2026 12:05,202605,WESTERN EUROPE-EU,DENMARK,NEWCASTLE,COPENHAGEN,1943,1943,0,2335,2335,0,-16.788009
28/07/2026 12:05,202605,WESTERN EUROPE-EU,DENMARK,SUMBURGH,ESBJERG,135,0,135,0,0,0,0
28/07/2026 12:05,202605,WESTERN EUROPE-EU,FINLAND,GATWICK,HELSINKI,6246,6246,0,7486,7486,0,-16.564253
28/07/2026 12:05,202605,WESTERN EUROPE-EU,FINLAND,HEATHROW,HELSINKI,43934,43934,0,47244,47244,0,-7.006181
28/07/2026 12:05,202605,WESTERN EUROPE-EU,FINLAND,STANSTED,HELSINKI,11438,11438,0,10856,10856,0,5.361091
28/07/2026 12:05,202605,WESTERN EUROPE-EU,FINLAND,EDINBURGH,HELSINKI,7283,7283,0,6097,6097,0,19.45219
28/07/2026 12:05,202605,WESTERN EUROPE-EU,FINLAND,MANCHESTER,HELSINKI,9380,9380,0,8543,8543,0,9.797495
28/07/2026 12:05,202605,WESTERN EUROPE-EU,FRANCE,GATWICK,BASTIA,2629,2629,0,2230,2230,0,17.892377
28/07/2026 12:05,202605,WESTERN EUROPE-EU,FRANCE,GATWICK,BIARRITZ,2031,2031,0,2201,2201,0,-7.723762
28/07/2026 12:05,202605,WESTERN EUROPE-EU,FRANCE,GATWICK,BORDEAUX,26573,26573,0,25409,25409,0,4.581054
28/07/2026 12:05,202605,WESTERN EUROPE-EU,FRANCE,GATWICK,BREST,1784,1784,0,2689,2689,0,-33.655634
28/07/2026 12:05,202605,WESTERN EUROPE-EU,FRANCE,GATWICK,FIGARI,506,506,0,0,0,0,0
28/07/2026 12:05,202605,WESTERN EUROPE-EU,FRANCE,GATWICK,LA ROCHELLE,1907,1907,0,826,826,0,130.871671
28/07/2026 12:05,202605,WESTERN EUROPE-EU,FRANCE,GATWICK,LYON,16622,16622,0,16171,16171,0,2.788943
28/07/2026 12:05,202605,WESTERN EUROPE-EU,FRANCE,GATWICK,MARSEILLE,14923,14923,0,13423,13423,0,11.174849
28/07/2026 12:05,202605,WESTERN EUROPE-EU,FRANCE,GATWICK,MONTPELLIER,13149,13149,0,11282,11282,0,16.548484
28/07/2026 12:05,202605,WESTERN EUROPE-EU,FRANCE,GATWICK,NANTES,12886,12886,0,12373,12373,0,4.146125
28/07/2026 12:05,202605,WESTERN EUROPE-EU,FRANCE,GATWICK,NICE,55444,55444,0,58388,57721,667,-5.042132
28/07/2026 12:05,202605,WESTERN EUROPE-EU,FRANCE,GATWICK,PARIS (CHARLES DE GAULLE),46844,46844,0,36486,36486,0,28.388971
28/07/2026 12:05,202605,WESTERN EUROPE-EU,FRANCE,GATWICK,PARIS (ORLY),0,0,0,18305,18305,0,-100
28/07/2026 12:05,202605,WESTERN EUROPE-EU,FRANCE,GATWICK,RENNES,5373,5373,0,4784,4784,0,12.311873
28/07/2026 12:05,202605,WESTERN EUROPE-EU,FRANCE,GATWICK,STRASBOURG,4912,4912,0,2412,2412,0,103.648425
28/07/2026 12:05,202605,WESTERN EUROPE-EU,FRANCE,GATWICK,TOULOUSE (BLAGNAC),2683,2683,0,0,0,0,0
28/07/2026 12:05,202605,WESTERN EUROPE-EU,FRANCE,HEATHROW,FIGARI,1896,1896,0,1271,1271,0,49.173879
28/07/2026 12:05,202605,WESTERN EUROPE-EU,FRANCE,HEATHROW,LYON,17517,17517,0,18818,18818,0,-6.913593
28/07/2026 12:05,202605,WESTERN EUROPE-EU,FRANCE,HEATHROW,MARSEILLE,31398,31398,0,27088,27088,0,15.911105
28/07/2026 12:05,202605,WESTERN EUROPE-EU,FRANCE,HEATHROW,NICE,64560,64560,0,63198,63198,0,2.155131
28/07/2026 12:05,202605,WESTERN EUROPE-EU,FRANCE,HEATHROW,PARIS (CHARLES DE GAULLE),93630,93630,0,93164,93164,0,0.500193
28/07/2026 12:05,202605,WESTERN EUROPE-EU,FRANCE,HEATHROW,PARIS (ORLY),6812,6812,0,9257,9257,0,-26.412445
28/07/2026 12:05,202605,WESTERN EUROPE-EU,FRANCE,HEATHROW,TOULOUSE (BLAGNAC),21266,21266,0,20386,20386,0,4.316688
28/07/2026 12:05,202605,WESTERN EUROPE-EU,FRANCE,LONDON CITY,NICE,10957,10957,0,8981,8981,0,22.002004
28/07/2026 12:05,202605,WESTERN EUROPE-EU,FRANCE,LONDON CITY,TOULON / HYERES,378,378,0,0,0,0,0
28/07/2026 12:05,202605,WESTERN EUROPE-EU,FRANCE,LUTON,BEZIERS,3851,3851,0,3899,3899,0,-1.231085
28/07/2026 12:05,202605,WESTERN EUROPE-EU,FRANCE,LUTON,BORDEAUX,19236,19236,0,6335,6335,0,203.646409
28/07/2026 12:05,202605,WESTERN EUROPE-EU,FRANCE,LUTON,LYON,6566,6566,0,5617,5617,0,16.89514
28/07/2026 12:05,202605,WESTERN EUROPE-EU,FRANCE,LUTON,NICE,8768,8768,0,12907,12907,0,-32.06787
28/07/2026 12:05,202605,WESTERN EUROPE-EU,FRANCE,LUTON,PARIS (CHARLES DE GAULLE),28086,28086,0,27805,27805,0,1.01061
28/07/2026 12:05,202605,WESTERN EUROPE-EU,FRANCE,LUTON,PARIS (LE BOURGET),212,212,0,0,0,0,0
28/07/2026 12:05,202605,WESTERN EUROPE-EU,FRANCE,SOUTHEND,NICE,0,0,0,68,68,0,-100
28/07/2026 12:05,202605,WESTERN EUROPE-EU,FRANCE,SOUTHEND,PARIS (CHARLES DE GAULLE),5253,5253,0,3814,3814,0,37.729418
28/07/2026 12:05,202605,WESTERN EUROPE-EU,FRANCE,SOUTHEND,TOULON / HYERES,29,29,0,0,0,0,0
28/07/2026 12:05,202605,WESTERN EUROPE-EU,FRANCE,STANSTED,BERGERAC,10011,10011,0,11072,11072,0,-9.582731
28/07/2026 12:05,202605,WESTERN EUROPE-EU,FRANCE,STANSTED,BEZIERS,3482,3482,0,3620,3620,0,-3.812155
28/07/2026 12:05,202605,WESTERN EUROPE-EU,FRANCE,STANSTED,BIARRITZ,11099,11099,0,11706,11706,0,-5.185375
28/07/2026 12:05,202605,WESTERN EUROPE-EU,FRANCE,STANSTED,BORDEAUX,0,0,0,70,70,0,-100
28/07/2026 12:05,202605,WESTERN EUROPE-EU,FRANCE,STANSTED,BRIVE-LA-GAILLARDE,2464,2464,0,2463,2463,0,0.040601
28/07/2026 12:05,202605,WESTERN EUROPE-EU,FRANCE,STANSTED,CALVI,328,0,328,247,0,247,32.793522
28/07/2026 12:05,202605,WESTERN EUROPE-EU,FRANCE,STANSTED,CARCASSONNE,9175,9175,0,9422,9422,0,-2.621524
28/07/2026 12:05,202605,WESTERN EUROPE-EU,FRANCE,STANSTED,CLERMONT FERRAND,0,0,0,1918,1918,0,-100
28/07/2026 12:05,202605,WESTERN EUROPE-EU,FRANCE,STANSTED,LA ROCHELLE,3851,3851,0,5851,5851,0,-34.182191
28/07/2026 12:05,202605,WESTERN EUROPE-EU,FRANCE,STANSTED,LIMOGES,8315,8315,0,9713,9713,0,-14.393081
28/07/2026 12:05,202605,WESTERN EUROPE-EU,FRANCE,STANSTED,LYON,77,0,77,0,0,0,0
28/07/2026 12:05,202605,WESTERN EUROPE-EU,FRANCE,STANSTED,MARSEILLE,22006,22006,0,21637,21637,0,1.705412
28/07/2026 12:05,202605,WESTERN EUROPE-EU,FRANCE,STANSTED,NANTES,11427,11427,0,15129,15129,0,-24.469562
28/07/2026 12:05,202605,WESTERN EUROPE-EU,FRANCE,STANSTED,NICE,11996,11996,0,11143,10833,310,7.65503
28/07/2026 12:05,202605,WESTERN EUROPE-EU,FRANCE,STANSTED,NIMES,2561,2561,0,2165,2165,0,18.290993
28/07/2026 12:05,202605,WESTERN EUROPE-EU,FRANCE,STANSTED,PARIS (CHARLES DE GAULLE),2161,2161,0,0,0,0,0
28/07/2026 12:05,202605,WESTERN EUROPE-EU,FRANCE,STANSTED,PERPIGNAN,5223,5223,0,4734,4734,0,10.329531
28/07/2026 12:05,202605,WESTERN EUROPE-EU,FRANCE,STANSTED,POITIERS,5729,5729,0,3911,3911,0,46.484275
28/07/2026 12:05,202605,WESTERN EUROPE-EU,FRANCE,STANSTED,TARBES-LOURDES INTERNATIONAL,10635,10138,497,11130,10157,973,-4.447439
28/07/2026 12:05,202605,WESTERN EUROPE-EU,FRANCE,STANSTED,TOULOUSE (BLAGNAC),15014,15014,0,13977,13977,0,7.419332
28/07/2026 12:05,202605,WESTERN EUROPE-EU,FRANCE,STANSTED,TOURS,2641,2641,0,3646,3646,0,-27.564454
28/07/2026 12:05,202605,WESTERN EUROPE-EU,FRANCE,ABERDEEN,PARIS (CHARLES DE GAULLE),2231,2231,0,0,0,0,0
28/07/2026 12:05,202605,WESTERN EUROPE-EU,FRANCE,BELFAST CITY (GEORGE BEST),CANNES,0,0,0,1,0,1,-100
28/07/2026 12:05,202605,WESTERN EUROPE-EU,FRANCE,BELFAST CITY (GEORGE BEST),NICE,10,0,10,0,0,0,0
28/07/2026 12:05,202605,WESTERN EUROPE-EU,FRANCE,BELFAST INTERNATIONAL,BEAUVAIS,2710,2710,0,2022,2022,0,34.025717
28/07/2026 12:05,202605,WESTERN EUROPE-EU,FRANCE,BELFAST INTERNATIONAL,PARIS (CHARLES DE GAULLE),9546,9546,0,8211,8211,0,16.258677
28/07/2026 12:05,202605,WESTERN EUROPE-EU,FRANCE,BELFAST INTERNATIONAL,TARBES-LOURDES INTERNATIONAL,917,0,917,445,0,445,106.067416
28/07/2026 12:05,202605,WESTERN EUROPE-EU,FRANCE,BIGGIN HILL,CANNES,3,0,3,3,0,3,0
28/07/2026 12:05,202605,WESTERN EUROPE-EU,FRANCE,BIGGIN HILL,CHAMBERY,0,0,0,5,0,5,-100
28/07/2026 12:05,202605,WESTERN EUROPE-EU,FRANCE,BIGGIN HILL,DIJON,11,0,11,0,0,0,0
28/07/2026 12:05,202605,WESTERN EUROPE-EU,FRANCE,BIGGIN HILL,MARSEILLE,0,0,0,1,0,1,-100
28/07/2026 12:05,202605,WESTERN EUROPE-EU,FRANCE,BIGGIN HILL,NICE,25,0,25,227,0,227,-88.986784
28/07/2026 12:05,202605,WESTERN EUROPE-EU,FRANCE,BIGGIN HILL,PARIS (LE BOURGET),0,0,0,11,0,11,-100
28/07/2026 12:05,202605,WESTERN EUROPE-EU,FRANCE,BIGGIN HILL,TOULON / HYERES,0,0,0,21,0,21,-100
28/07/2026 12:05,202605,WESTERN EUROPE-EU,FRANCE,BIRMINGHAM,BEAUVAIS,12421,12421,0,7826,7826,0,58.714541
28/07/2026 12:05,202605,WESTERN EUROPE-EU,FRANCE,BIRMINGHAM,BORDEAUX,2627,2627,0,2548,2548,0,3.100471
28/07/2026 12:05,202605,WESTERN EUROPE-EU,FRANCE,BIRMINGHAM,NICE,7007,6424,583,2993,2993,0,134.11293
28/07/2026 12:05,202605,WESTERN EUROPE-EU,FRANCE,BIRMINGHAM,NIMES,0,0,0,375,0,375,-100
28/07/2026 12:05,202605,WESTERN EUROPE-EU,FRANCE,BIRMINGHAM,PARIS (CHARLES DE GAULLE),32382,32382,0,27939,27939,0,15.902502
28/07/2026 12:05,202605,WESTERN EUROPE-EU,FRANCE,BIRMINGHAM,TARBES-LOURDES INTERNATIONAL,1415,0,1415,738,0,738,91.734417
28/07/2026 12:05,202605,WESTERN EUROPE-EU,FRANCE,BIRMINGHAM,TOULOUSE (BLAGNAC),2632,2632,0,2731,2731,0,-3.625046
28/07/2026 12:05,202605,WESTERN EUROPE-EU,FRANCE,BOURNEMOUTH,BERGERAC,2368,2368,0,2703,2703,0,-12.393637
28/07/2026 12:05,202605,WESTERN EUROPE-EU,FRANCE,BOURNEMOUTH,CARCASSONNE,2573,2573,0,2498,2498,0,3.002402
28/07/2026 12:05,202605,WESTERN EUROPE-EU,FRANCE,BRISTOL,BERGERAC,3359,3359,0,0,0,0,0
28/07/2026 12:05,202605,WESTERN EUROPE-EU,FRANCE,BRISTOL,BEZIERS,3653,3653,0,3950,3950,0,-7.518987
28/07/2026 12:05,202605,WESTERN EUROPE-EU,FRANCE,BRISTOL,BORDEAUX,7144,6609,535,7207,7207,0,-0.87415
28/07/2026 12:05,202605,WESTERN EUROPE-EU,FRANCE,BRISTOL,MARSEILLE,2070,2070,0,2538,2538,0,-18.439716
28/07/2026 12:05,202605,WESTERN EUROPE-EU,FRANCE,BRISTOL,NICE,10681,10681,0,11661,11661,0,-8.404082
28/07/2026 12:05,202605,WESTERN EUROPE-EU,FRANCE,BRISTOL,PARIS (CHARLES DE GAULLE),22770,22770,0,23151,23151,0,-1.645717
28/07/2026 12:05,202605,WESTERN EUROPE-EU,FRANCE,BRISTOL,TOULOUSE (BLAGNAC),4425,4425,0,6425,6425,0,-31.128405
28/07/2026 12:05,202605,WESTERN EUROPE-EU,FRANCE,CARDIFF WALES,BORDEAUX,0,0,0,3094,0,3094,-100
28/07/2026 12:05,202605,WESTERN EUROPE-EU,FRANCE,CARDIFF WALES,LYON,0,0,0,694,0,694,-100
28/07/2026 12:05,202605,WESTERN EUROPE-EU,FRANCE,CARDIFF WALES,MONTPELLIER,200,0,200,0,0,0,0
28/07/2026 12:05,202605,WESTERN EUROPE-EU,FRANCE,CITY OF DERRY (EGLINTON),TARBES-LOURDES INTERNATIONAL,371,0,371,373,0,373,-0.536193
28/07/2026 12:05,202605,WESTERN EUROPE-EU,FRANCE,EAST MIDLANDS INTERNATIONAL,CARCASSONNE,2170,2170,0,2536,2536,0,-14.432177
28/07/2026 12:05,202605,WESTERN EUROPE-EU,FRANCE,EAST MIDLANDS INTERNATIONAL,LIMOGES,3935,3935,0,4374,4374,0,-10.03658
28/07/2026 12:05,202605,WESTERN EUROPE-EU,FRANCE,EDINBURGH,AJACCIO,0,0,0,160,160,0,-100
28/07/2026 12:05,202605,WESTERN EUROPE-EU,FRANCE,EDINBURGH,BEAUVAIS,7021,7021,0,6019,6019,0,16.647284
28/07/2026 12:05,202605,WESTERN EUROPE-EU,FRANCE,EDINBURGH,BERGERAC,2718,2718,0,3178,3178,0,-14.474512
28/07/2026 12:05,202605,WESTERN EUROPE-EU,FRANCE,EDINBURGH,BIARRITZ,2943,2943,0,2890,2890,0,1.83391
28/07/2026 12:05,202605,WESTERN EUROPE-EU,FRANCE,EDINBURGH,BORDEAUX,2310,2310,0,0,0,0,0
28/07/2026 12:05,202605,WESTERN EUROPE-EU,FRANCE,EDINBURGH,LYON,2955,2955,0,2598,2598,0,13.741339
28/07/2026 12:05,202605,WESTERN EUROPE-EU,FRANCE,EDINBURGH,MARSEILLE,5712,5712,0,4903,4903,0,16.500102
28/07/2026 12:05,202605,WESTERN EUROPE-EU,FRANCE,EDINBURGH,NANTES,3274,3274,0,4708,4708,0,-30.458794
28/07/2026 12:05,202605,WESTERN EUROPE-EU,FRANCE,EDINBURGH,NICE,10565,10565,0,10711,10711,0,-1.363085
28/07/2026 12:05,202605,WESTERN EUROPE-EU,FRANCE,EDINBURGH,PARIS (CHARLES DE GAULLE),43524,43524,0,40682,40682,0,6.985891
28/07/2026 12:05,202605,WESTERN EUROPE-EU,FRANCE,EDINBURGH,PARIS (LE BOURGET),44,0,44,0,0,0,0
28/07/2026 12:05,202605,WESTERN EUROPE-EU,FRANCE,EDINBURGH,PARIS (ORLY),3856,3856,0,5529,5529,0,-30.258636
28/07/2026 12:05,202605,WESTERN EUROPE-EU,FRANCE,EDINBURGH,TOULOUSE (BLAGNAC),4122,4122,0,5847,5847,0,-29.502309
28/07/2026 12:05,202605,WESTERN EUROPE-EU,FRANCE,GLASGOW,PARIS (CHARLES DE GAULLE),21495,21495,0,21454,21454,0,0.191107
28/07/2026 12:05,202605,WESTERN EUROPE-EU,FRANCE,GUERNSEY,PARIS (CHARLES DE GAULLE),999,999,0,967,967,0,3.309204
28/07/2026 12:05,202605,WESTERN EUROPE-EU,FRANCE,HUMBERSIDE,PERPIGNAN,0,0,0,73,0,73,-100
28/07/2026 12:05,202605,WESTERN EUROPE-EU,FRANCE,INVERNESS,PARIS (CHARLES DE GAULLE),7,0,7,0,0,0,0
28/07/2026 12:05,202605,WESTERN EUROPE-EU,FRANCE,JERSEY,PARIS (CHARLES DE GAULLE),44,44,0,280,280,0,-84.285714
28/07/2026 12:05,202605,WESTERN EUROPE-EU,FRANCE,LEEDS BRADFORD,BEAUVAIS,0,0,0,3600,3600,0,-100
28/07/2026 12:05,202605,WESTERN EUROPE-EU,FRANCE,LEEDS BRADFORD,BERGERAC,460,460,0,456,456,0,0.877193
28/07/2026 12:05,202605,WESTERN EUROPE-EU,FRANCE,LEEDS BRADFORD,NICE,2417,2417,0,770,770,0,213.896104
28/07/2026 12:05,202605,WESTERN EUROPE-EU,FRANCE,LEEDS BRADFORD,PARIS (CHARLES DE GAULLE),7320,7320,0,7063,7063,0,3.63868
28/07/2026 12:05,202605,WESTERN EUROPE-EU,FRANCE,LEEDS BRADFORD,PERPIGNAN,2120,2120,0,2324,2324,0,-8.777969
28/07/2026 12:05,202605,WESTERN EUROPE-EU,FRANCE,LIVERPOOL (JOHN LENNON),NICE,6003,6003,0,7631,7631,0,-21.334032
28/07/2026 12:05,202605,WESTERN EUROPE-EU,FRANCE,LIVERPOOL (JOHN LENNON),PARIS (CHARLES DE GAULLE),5921,5921,0,4952,4952,0,19.567851
28/07/2026 12:05,202605,WESTERN EUROPE-EU,FRANCE,MANCHESTER,BEAUVAIS,17713,17713,0,15837,15837,0,11.845678
28/07/2026 12:05,202605,WESTERN EUROPE-EU,FRANCE,MANCHESTER,BEZIERS,3713,3713,0,4383,4383,0,-15.286334
28/07/2026 12:05,202605,WESTERN EUROPE-EU,FRANCE,MANCHESTER,BORDEAUX,3169,3169,0,3039,3039,0,4.277723
28/07/2026 12:05,202605,WESTERN EUROPE-EU,FRANCE,MANCHESTER,CARCASSONNE,5536,5536,0,5569,5569,0,-0.592566
28/07/2026 12:05,202605,WESTERN EUROPE-EU,FRANCE,MANCHESTER,LILLE,0,0,0,64,0,64,-100
28/07/2026 12:05,202605,WESTERN EUROPE-EU,FRANCE,MANCHESTER,LIMOGES,7371,7371,0,6170,6170,0,19.465154
28/07/2026 12:05,202605,WESTERN EUROPE-EU,FRANCE,MANCHESTER,LYON,2678,2678,0,2560,2560,0,4.609375
28/07/2026 12:05,202605,WESTERN EUROPE-EU,FRANCE,MANCHESTER,MARSEILLE,5487,5487,0,4474,4474,0,22.641931
28/07/2026 12:05,202605,WESTERN EUROPE-EU,FRANCE,MANCHESTER,MONTPELLIER,2324,2324,0,0,0,0,0
28/07/2026 12:05,202605,WESTERN EUROPE-EU,FRANCE,MANCHESTER,NANTES,4383,4383,0,5012,5012,0,-12.54988
28/07/2026 12:05,202605,WESTERN EUROPE-EU,FRANCE,MANCHESTER,NICE,13767,13767,0,10584,10584,0,30.073696
28/07/2026 12:05,202605,WESTERN EUROPE-EU,FRANCE,MANCHESTER,PARIS (CHARLES DE GAULLE),66701,66701,0,62602,62602,0,6.547714
28/07/2026 12:05,202605,WESTERN EUROPE-EU,FRANCE,MANCHESTER,TOULOUSE (BLAGNAC),2993,2993,0,2877,2877,0,4.031978
28/07/2026 12:05,202605,WESTERN EUROPE-EU,FRANCE,NEWCASTLE,NICE,2599,2599,0,0,0,0,0
28/07/2026 12:05,202605,WESTERN EUROPE-EU,FRANCE,NEWCASTLE,PARIS (CHARLES DE GAULLE),15639,15639,0,17724,17724,0,-11.76371
28/07/2026 12:05,202605,WESTERN EUROPE-EU,FRANCE,NORWICH,NANTES,0,0,0,158,0,158,-100
28/07/2026 12:05,202605,WESTERN EUROPE-EU,FRANCE,SOUTHAMPTON,PARIS (ORLY),2129,2129,0,1896,1896,0,12.28903
28/07/2026 12:05,202605,WESTERN EUROPE-EU,FRANCE,TEESSIDE INTERNATIONAL AIRPORT,TARBES-LOURDES INTERNATIONAL,754,0,754,756,0,756,-0.26455
28/07/2026 12:05,202605,WESTERN EUROPE-EU,GERMANY,GATWICK,BERLIN BRANDENBURG,30159,30159,0,24461,24420,41,23.294223
28/07/2026 12:05,202605,WESTERN EUROPE-EU,GERMANY,GATWICK,COLOGNE BONN,9577,9577,0,0,0,0,0
28/07/2026 12:05,202605,WESTERN EUROPE-EU,GERMANY,GATWICK,DRESDEN,1255,0,1255,0,0,0,0
28/07/2026 12:05,202605,WESTERN EUROPE-EU,GERMANY,GATWICK,DUSSELDORF,7115,7115,0,3455,3455,0,105.93343
28/07/2026 12:05,202605,WESTERN EUROPE-EU,GERMANY,GATWICK,FRANKFURT MAIN,14879,14879,0,0,0,0,0
28/07/2026 12:05,202605,WESTERN EUROPE-EU,GERMANY,GATWICK,HAMBURG,8266,8266,0,6942,6942,0,19.072313
28/07/2026 12:05,202605,WESTERN EUROPE-EU,GERMANY,GATWICK,LEIPZIG,3391,866,2525,0,0,0,0
28/07/2026 12:05,202605,WESTERN EUROPE-EU,GERMANY,GATWICK,MUNICH,14476,14476,0,11147,11147,0,29.864538
28/07/2026 12:05,202605,WESTERN EUROPE-EU,GERMANY,GATWICK,STUTTGART,4119,4119,0,0,0,0,0
28/07/2026 12:05,202605,WESTERN EUROPE-EU,GERMANY,HEATHROW,BERLIN BRANDENBURG,57355,57355,0,52929,52929,0,8.362146
28/07/2026 12:05,202605,WESTERN EUROPE-EU,GERMANY,HEATHROW,COLOGNE BONN,0,0,0,25332,25332,0,-100
28/07/2026 12:05,202605,WESTERN EUROPE-EU,GERMANY,HEATHROW,DUSSELDORF,60403,60403,0,49428,49428,0,22.204014
28/07/2026 12:05,202605,WESTERN EUROPE-EU,GERMANY,HEATHROW,FRANKFURT MAIN,107695,107695,0,109997,109997,0,-2.092784
28/07/2026 12:05,202605,WESTERN EUROPE-EU,GERMANY,HEATHROW,HAMBURG,48555,48555,0,46577,46577,0,4.246731
28/07/2026 12:05,202605,WESTERN EUROPE-EU,GERMANY,HEATHROW,HANOVER,15489,15489,0,14419,14419,0,7.420764
28/07/2026 12:05,202605,WESTERN EUROPE-EU,GERMANY,HEATHROW,MUNICH,109706,109706,0,107972,107972,0,1.605972
28/07/2026 12:05,202605,WESTERN EUROPE-EU,GERMANY,HEATHROW,STUTTGART,18761,18761,0,30235,30235,0,-37.949396
28/07/2026 12:05,202605,WESTERN EUROPE-EU,GERMANY,LONDON CITY,BERLIN BRANDENBURG,16232,16232,0,16296,16296,0,-0.392734
28/07/2026 12:05,202605,WESTERN EUROPE-EU,GERMANY,LONDON CITY,FRANKFURT MAIN,7177,7177,0,18360,18360,0,-60.909586
28/07/2026 12:05,202605,WESTERN EUROPE-EU,GERMANY,LONDON CITY,LEIPZIG,378,378,0,0,0,0,0
28/07/2026 12:05,202605,WESTERN EUROPE-EU,GERMANY,LUTON,BERLIN BRANDENBURG,5996,5996,0,5112,5112,0,17.292645
28/07/2026 12:05,202605,WESTERN EUROPE-EU,GERMANY,LUTON,DORTMUND,9980,9980,0,0,0,0,0
28/07/2026 12:05,202605,WESTERN EUROPE-EU,GERMANY,LUTON,MUNICH,0,0,0,182,182,0,-100
28/07/2026 12:05,202605,WESTERN EUROPE-EU,GERMANY,SOUTHEND,BERLIN BRANDENBURG,2779,2779,0,0,0,0,0
28/07/2026 12:05,202605,WESTERN EUROPE-EU,GERMANY,STANSTED,BERLIN BRANDENBURG,35520,35520,0,35148,35148,0,1.058382
28/07/2026 12:05,202605,WESTERN EUROPE-EU,GERMANY,STANSTED,BREMEN,14094,14094,0,13782,13782,0,2.263822
28/07/2026 12:05,202605,WESTERN EUROPE-EU,GERMANY,STANSTED,COLOGNE BONN,32110,32110,0,28384,28384,0,13.127114
28/07/2026 12:05,202605,WESTERN EUROPE-EU,GERMANY,STANSTED,HAHN,18698,18698,0,15285,15285,0,22.329081
28/07/2026 12:05,202605,WESTERN EUROPE-EU,GERMANY,STANSTED,HAMBURG,12810,12810,0,17603,17603,0,-27.228313
28/07/2026 12:05,202605,WESTERN EUROPE-EU,GERMANY,STANSTED,KARLSRUHE/BADEN BADEN,17910,17910,0,14435,14435,0,24.073433
28/07/2026 12:05,202605,WESTERN EUROPE-EU,GERMANY,STANSTED,LUBECK,3043,3043,0,4472,4472,0,-31.954383
28/07/2026 12:05,202605,WESTERN EUROPE-EU,GERMANY,STANSTED,MEMMINGEN ALLGAU,8926,8926,0,10177,10177,0,-12.292424
28/07/2026 12:05,202605,WESTERN EUROPE-EU,GERMANY,STANSTED,MUNICH,0,0,0,205,0,205,-100
28/07/2026 12:05,202605,WESTERN EUROPE-EU,GERMANY,STANSTED,MUNSTER-OSNABRUCK,3105,3105,0,4370,4370,0,-28.947368
28/07/2026 12:05,202605,WESTERN EUROPE-EU,GERMANY,STANSTED,NUREMBERG,18880,18880,0,12460,12460,0,51.52488
28/07/2026 12:05,202605,WESTERN EUROPE-EU,GERMANY,BIGGIN HILL,MUNICH,2,0,2,8,0,8,-75
28/07/2026 12:05,202605,WESTERN EUROPE-EU,GERMANY,BIRMINGHAM,BERLIN BRANDENBURG,8935,8935,0,8283,8283,0,7.871544
28/07/2026 12:05,202605,WESTERN EUROPE-EU,GERMANY,BIRMINGHAM,DUSSELDORF,9543,9543,0,9792,9792,0,-2.542892
28/07/2026 12:05,202605,WESTERN EUROPE-EU,GERMANY,BIRMINGHAM,FRANKFURT MAIN,8482,8482,0,25061,24893,168,-66.154583
28/07/2026 12:05,202605,WESTERN EUROPE-EU,GERMANY,BIRMINGHAM,MUNICH,2127,2127,0,11197,11197,0,-81.00384
28/07/2026 12:05,202605,WESTERN EUROPE-EU,GERMANY,BRISTOL,BERLIN BRANDENBURG,7278,7278,0,7344,7344,0,-0.898693
28/07/2026 12:05,202605,WESTERN EUROPE-EU,GERMANY,BRISTOL,MUNICH,5102,5102,0,0,0,0,0
28/07/2026 12:05,202605,WESTERN EUROPE-EU,GERMANY,EAST MIDLANDS INTERNATIONAL,BERLIN BRANDENBURG,2919,2919,0,3042,3042,0,-4.043393
28/07/2026 12:05,202605,WESTERN EUROPE-EU,GERMANY,EDINBURGH,BERLIN BRANDENBURG,15584,15584,0,18938,18938,0,-17.710423
28/07/2026 12:05,202605,WESTERN EUROPE-EU,GERMANY,EDINBURGH,COLOGNE BONN,5505,5505,0,6458,6458,0,-14.756891
28/07/2026 12:05,202605,WESTERN EUROPE-EU,GERMANY,EDINBURGH,DUSSELDORF,8259,8259,0,9377,9377,0,-11.92279
28/07/2026 12:05,202605,WESTERN EUROPE-EU,GERMANY,EDINBURGH,FRANKFURT MAIN,28311,28311,0,25953,25953,0,9.085655
28/07/2026 12:05,202605,WESTERN EUROPE-EU,GERMANY,EDINBURGH,KARLSRUHE/BADEN BADEN,0,0,0,131,0,131,-100
28/07/2026 12:05,202605,WESTERN EUROPE-EU,GERMANY,EDINBURGH,MUNICH,16212,16212,0,12691,12691,0,27.744071
28/07/2026 12:05,202605,WESTERN EUROPE-EU,GERMANY,EDINBURGH,NIEDERRHEIN,7561,7561,0,8035,8035,0,-5.899191
28/07/2026 12:05,202605,WESTERN EUROPE-EU,GERMANY,EDINBURGH,STUTTGART,4684,4684,0,4170,4170,0,12.326139
28/07/2026 12:05,202605,WESTERN EUROPE-EU,GERMANY,GLASGOW,BERLIN BRANDENBURG,0,0,0,3847,3847,0,-100
28/07/2026 12:05,202605,WESTERN EUROPE-EU,GERMANY,GLASGOW,FRANKFURT MAIN,13735,13735,0,16079,16079,0,-14.578021
28/07/2026 12:05,202605,WESTERN EUROPE-EU,GERMANY,JERSEY,DUSSELDORF,698,698,0,695,695,0,0.431655
28/07/2026 12:05,202605,WESTERN EUROPE-EU,GERMANY,JERSEY,MUNICH,904,904,0,985,985,0,-8.22335
28/07/2026 12:05,202605,WESTERN EUROPE-EU,GERMANY,LIVERPOOL (JOHN LENNON),BERLIN BRANDENBURG,0,0,0,2172,2172,0,-100
28/07/2026 12:05,202605,WESTERN EUROPE-EU,GERMANY,MANCHESTER,BERLIN BRANDENBURG,23507,23507,0,26169,26169,0,-10.172341
28/07/2026 12:05,202605,WESTERN EUROPE-EU,GERMANY,MANCHESTER,COLOGNE BONN,14190,14190,0,13985,13985,0,1.465856
28/07/2026 12:05,202605,WESTERN EUROPE-EU,GERMANY,MANCHESTER,DUSSELDORF,10890,10890,0,12587,12587,0,-13.482164
28/07/2026 12:05,202605,WESTERN EUROPE-EU,GERMANY,MANCHESTER,FRANKFURT MAIN,25187,25187,0,28580,28580,0,-11.871938
28/07/2026 12:05,202605,WESTERN EUROPE-EU,GERMANY,MANCHESTER,HAMBURG,5621,5621,0,7466,7466,0,-24.712028
28/07/2026 12:05,202605,WESTERN EUROPE-EU,GERMANY,MANCHESTER,MEMMINGEN ALLGAU,0,0,0,2287,2287,0,-100
28/07/2026 12:05,202605,WESTERN EUROPE-EU,GERMANY,MANCHESTER,MUNICH,25964,25964,0,28074,28074,0,-7.515851
28/07/2026 12:05,202605,WESTERN EUROPE-EU,GERMANY,MANCHESTER,STUTTGART,3274,3274,0,3026,3026,0,8.195638
28/07/2026 12:05,202605,WESTERN EUROPE-EU,GERMANY,NEWCASTLE,BERLIN BRANDENBURG,914,914,0,2047,2047,0,-55.349292
28/07/2026 12:05,202605,WESTERN EUROPE-EU,GERMANY,NEWCASTLE,DUSSELDORF,2310,2310,0,2315,2315,0,-0.215983
28/07/2026 12:05,202605,WESTERN EUROPE-EU,GERMANY,NEWCASTLE,FRANKFURT MAIN,3949,3949,0,4611,4611,0,-14.356972
28/07/2026 12:05,202605,WESTERN EUROPE-EU,GERMANY,NEWQUAY,DUSSELDORF,2233,2233,0,1736,1736,0,28.629032
28/07/2026 12:05,202605,WESTERN EUROPE-EU,GIBRALTAR,GATWICK,GIBRALTAR,13044,13044,0,12824,12824,0,1.715533
28/07/2026 12:05,202605,WESTERN EUROPE-EU,GIBRALTAR,HEATHROW,GIBRALTAR,16482,16482,0,17029,17029,0,-3.212167
28/07/2026 12:05,202605,WESTERN EUROPE-EU,GIBRALTAR,BIRMINGHAM,GIBRALTAR,3014,3014,0,0,0,0,0
28/07/2026 12:05,202605,WESTERN EUROPE-EU,GIBRALTAR,BRISTOL,GIBRALTAR,3027,3027,0,3020,3020,0,0.231788
28/07/2026 12:05,202605,WESTERN EUROPE-EU,GIBRALTAR,MANCHESTER,GIBRALTAR,6208,6208,0,6017,6017,0,3.174339
28/07/2026 12:05,202605,WESTERN EUROPE-EU,GREECE,GATWICK,ATHENS,31102,31102,0,42076,42076,0,-26.081377
28/07/2026 12:05,202605,WESTERN EUROPE-EU,GREECE,GATWICK,CHANIA,22158,19667,2491,23444,20670,2774,-5.485412
28/07/2026 12:05,202605,WESTERN EUROPE-EU,GREECE,GATWICK,CORFU,42385,36481,5904,43030,38592,4438,-1.498954
28/07/2026 12:05,202605,WESTERN EUROPE-EU,GREECE,GATWICK,HERAKLION,47165,41911,5254,45564,41007,4557,3.513739
28/07/2026 12:05,202605,WESTERN EUROPE-EU,GREECE,GATWICK,KALAMATA,7436,7154,282,4397,4397,0,69.115306
28/07/2026 12:05,202605,WESTERN EUROPE-EU,GREECE,GATWICK,KAVALA,1616,0,1616,1325,0,1325,21.962264
28/07/2026 12:05,202605,WESTERN EUROPE-EU,GREECE,GATWICK,KEFALLINIA,19132,16318,2814,16822,12869,3953,13.732018
28/07/2026 12:05,202605,WESTERN EUROPE-EU,GREECE,GATWICK,KOS,19483,12055,7428,17492,10589,6903,11.382346
28/07/2026 12:05,202605,WESTERN EUROPE-EU,GREECE,GATWICK,LEMNOS,475,475,0,559,559,0,-15.026834
28/07/2026 12:05,202605,WESTERN EUROPE-EU,GREECE,GATWICK,MIKONOS,12560,12560,0,11053,11053,0,13.634307
28/07/2026 12:05,202605,WESTERN EUROPE-EU,GREECE,GATWICK,MYTILINI,581,581,0,736,736,0,-21.059783
28/07/2026 12:05,202605,WESTERN EUROPE-EU,GREECE,GATWICK,PREVEZA,14319,12823,1496,10563,8209,2354,35.55808
28/07/2026 12:05,202605,WESTERN EUROPE-EU,GREECE,GATWICK,RHODES,46570,39495,7075,46008,38424,7584,1.221527
28/07/2026 12:05,202605,WESTERN EUROPE-EU,GREECE,GATWICK,SALONIKA,22258,19953,2305,21016,18257,2759,5.909783
28/07/2026 12:05,202605,WESTERN EUROPE-EU,GREECE,GATWICK,SAMOS,900,0,900,493,0,493,82.555781
28/07/2026 12:05,202605,WESTERN EUROPE-EU,GREECE,GATWICK,SKIATHOS,5483,3805,1678,4509,2675,1834,21.601242
28/07/2026 12:05,202605,WESTERN EUROPE-EU,GREECE,GATWICK,THIRA (SANTORINI),15577,15577,0,15078,15078,0,3.309457
28/07/2026 12:05,202605,WESTERN EUROPE-EU,GREECE,GATWICK,ZAKINTHOS,19423,15471,3952,17740,13871,3869,9.487035
28/07/2026 12:05,202605,WESTERN EUROPE-EU,GREECE,HEATHROW,ATHENS,86319,86319,0,79863,79863,0,8.083844
28/07/2026 12:05,202605,WESTERN EUROPE-EU,GREECE,HEATHROW,CHANIA,9062,9062,0,7879,7879,0,15.014596
28/07/2026 12:05,202605,WESTERN EUROPE-EU,GREECE,HEATHROW,CORFU,16822,16822,0,16195,16195,0,3.871565
28/07/2026 12:05,202605,WESTERN EUROPE-EU,GREECE,HEATHROW,HERAKLION,10561,10561,0,7873,7873,0,34.142004
28/07/2026 12:05,202605,WESTERN EUROPE-EU,GREECE,HEATHROW,KALAMATA,0,0,0,3902,3902,0,-100
28/07/2026 12:05,202605,WESTERN EUROPE-EU,GREECE,HEATHROW,KEFALLINIA,4387,4387,0,3151,3151,0,39.225643
28/07/2026 12:05,202605,WESTERN EUROPE-EU,GREECE,HEATHROW,MIKONOS,12902,12902,0,12352,12352,0,4.45272
28/07/2026 12:05,202605,WESTERN EUROPE-EU,GREECE,HEATHROW,PREVEZA,4936,4936,0,3731,3731,0,32.296971
28/07/2026 12:05,202605,WESTERN EUROPE-EU,GREECE,HEATHROW,RHODES,1741,1741,0,1602,1602,0,8.676654
28/07/2026 12:05,202605,WESTERN EUROPE-EU,GREECE,HEATHROW,SALONIKA,9166,9166,0,9869,9869,0,-7.123315
28/07/2026 12:05,202605,WESTERN EUROPE-EU,GREECE,HEATHROW,THIRA (SANTORINI),10976,10976,0,10685,10685,0,2.723444
28/07/2026 12:05,202605,WESTERN EUROPE-EU,GREECE,HEATHROW,ZAKINTHOS,2183,2183,0,2061,2061,0,5.919457
28/07/2026 12:05,202605,WESTERN EUROPE-EU,GREECE,LONDON CITY,SALONIKA,235,235,0,0,0,0,0
28/07/2026 12:05,202605,WESTERN EUROPE-EU,GREECE,LUTON,ATHENS,17261,17261,0,17071,17071,0,1.112999
28/07/2026 12:05,202605,WESTERN EUROPE-EU,GREECE,LUTON,CHANIA,6955,6955,0,5774,5774,0,20.453758
28/07/2026 12:05,202605,WESTERN EUROPE-EU,GREECE,LUTON,CORFU,11382,11382,0,12299,10675,1624,-7.455891
28/07/2026 12:05,202605,WESTERN EUROPE-EU,GREECE,LUTON,HERAKLION,6913,6913,0,6148,6148,0,12.443071
28/07/2026 12:05,202605,WESTERN EUROPE-EU,GREECE,LUTON,KOS,927,927,0,1302,0,1302,-28.801843
28/07/2026 12:05,202605,WESTERN EUROPE-EU,GREECE,LUTON,MIKONOS,2276,2276,0,0,0,0,0
28/07/2026 12:05,202605,WESTERN EUROPE-EU,GREECE,LUTON,PREVEZA,613,613,0,0,0,0,0
28/07/2026 12:05,202605,WESTERN EUROPE-EU,GREECE,LUTON,RHODES,12590,12590,0,14991,12524,2467,-16.016276
28/07/2026 12:05,202605,WESTERN EUROPE-EU,GREECE,LUTON,SKIATHOS,693,693,0,0,0,0,0
28/07/2026 12:05,202605,WESTERN EUROPE-EU,GREECE,LUTON,ZAKINTHOS,6881,6881,0,4396,4396,0,56.528662
28/07/2026 12:05,202605,WESTERN EUROPE-EU,GREECE,STANSTED,ATHENS,13742,13742,0,13253,13253,0,3.689731
28/07/2026 12:05,202605,WESTERN EUROPE-EU,GREECE,STANSTED,CHANIA,6422,6422,0,6226,6226,0,3.148089
28/07/2026 12:05,202605,WESTERN EUROPE-EU,GREECE,STANSTED,CORFU,16098,13306,2792,11026,8094,2932,46.000363
28/07/2026 12:05,202605,WESTERN EUROPE-EU,GREECE,STANSTED,HERAKLION,12521,10717,1804,12038,10286,1752,4.012294
28/07/2026 12:05,202605,WESTERN EUROPE-EU,GREECE,STANSTED,KALAMATA,2108,2108,0,1597,1597,0,31.997495
28/07/2026 12:05,202605,WESTERN EUROPE-EU,GREECE,STANSTED,KEFALLINIA,7026,5571,1455,9122,7084,2038,-22.977417
28/07/2026 12:05,202605,WESTERN EUROPE-EU,GREECE,STANSTED,KOS,12203,11148,1055,10621,10621,0,14.895019
28/07/2026 12:05,202605,WESTERN EUROPE-EU,GREECE,STANSTED,MYTILINI,1869,1869,0,1413,1413,0,32.271762
28/07/2026 12:05,202605,WESTERN EUROPE-EU,GREECE,STANSTED,PREVEZA,2633,2633,0,4601,4601,0,-42.77331
28/07/2026 12:05,202605,WESTERN EUROPE-EU,GREECE,STANSTED,RHODES,25069,22244,2825,23856,21210,2646,5.084675
28/07/2026 12:05,202605,WESTERN EUROPE-EU,GREECE,STANSTED,SALONIKA,8405,8405,0,9453,9453,0,-11.086428
28/07/2026 12:05,202605,WESTERN EUROPE-EU,GREECE,STANSTED,SAMOS,1141,1141,0,0,0,0,0
28/07/2026 12:05,202605,WESTERN EUROPE-EU,GREECE,STANSTED,SKIATHOS,4524,4524,0,4454,4454,0,1.571621
28/07/2026 12:05,202605,WESTERN EUROPE-EU,GREECE,STANSTED,THIRA (SANTORINI),4611,4611,0,5508,5508,0,-16.285403
28/07/2026 12:05,202605,WESTERN EUROPE-EU,GREECE,STANSTED,ZAKINTHOS,7344,5797,1547,7946,5626,2320,-7.576139
28/07/2026 12:05,202605,WESTERN EUROPE-EU,GREECE,ABERDEEN,CORFU,1667,0,1667,1636,0,1636,1.894866
28/07/2026 12:05,202605,WESTERN EUROPE-EU,GREECE,BELFAST INTERNATIONAL,CORFU,5430,4186,1244,4052,2753,1299,34.007897
28/07/2026 12:05,202605,WESTERN EUROPE-EU,GREECE,BELFAST INTERNATIONAL,HERAKLION,2711,2711,0,2798,2798,0,-3.109364
28/07/2026 12:05,202605,WESTERN EUROPE-EU,GREECE,BELFAST INTERNATIONAL,KOS,1263,0,1263,1079,0,1079,17.052827
28/07/2026 12:05,202605,WESTERN EUROPE-EU,GREECE,BELFAST INTERNATIONAL,RHODES,5988,5988,0,5642,5642,0,6.132577
28/07/2026 12:05,202605,WESTERN EUROPE-EU,GREECE,BELFAST INTERNATIONAL,ZAKINTHOS,1227,1227,0,1191,1191,0,3.02267
28/07/2026 12:05,202605,WESTERN EUROPE-EU,GREECE,BIGGIN HILL,ATHENS,6,0,6,2,0,2,200
28/07/2026 12:05,202605,WESTERN EUROPE-EU,GREECE,BIGGIN HILL,CHANIA,0,0,0,2,0,2,-100
28/07/2026 12:05,202605,WESTERN EUROPE-EU,GREECE,BIGGIN HILL,CORFU,8,0,8,0,0,0,0
28/07/2026 12:05,202605,WESTERN EUROPE-EU,GREECE,BIGGIN HILL,THIRA (SANTORINI),0,0,0,10,0,10,-100
28/07/2026 12:05,202605,WESTERN EUROPE-EU,GREECE,BIRMINGHAM,ATHENS,3056,3056,0,2892,2892,0,5.670816
28/07/2026 12:05,202605,WESTERN EUROPE-EU,GREECE,BIRMINGHAM,CHANIA,7243,4655,2588,6985,4173,2812,3.693629
28/07/2026 12:05,202605,WESTERN EUROPE-EU,GREECE,BIRMINGHAM,CORFU,18086,13821,4265,15476,11235,4241,16.864823
28/07/2026 12:05,202605,WESTERN EUROPE-EU,GREECE,BIRMINGHAM,HERAKLION,16018,11615,4403,14624,10001,4623,9.532276
28/07/2026 12:05,202605,WESTERN EUROPE-EU,GREECE,BIRMINGHAM,KALAMATA,1997,1997,0,1450,1450,0,37.724138
28/07/2026 12:05,202605,WESTERN EUROPE-EU,GREECE,BIRMINGHAM,KAVALA,478,0,478,189,0,189,152.910053
28/07/2026 12:05,202605,WESTERN EUROPE-EU,GREECE,BIRMINGHAM,KEFALLINIA,6383,3424,2959,6294,3311,2983,1.414045
28/07/2026 12:05,202605,WESTERN EUROPE-EU,GREECE,BIRMINGHAM,KOS,12217,6831,5386,13348,7012,6336,-8.47318
28/07/2026 12:05,202605,WESTERN EUROPE-EU,GREECE,BIRMINGHAM,MYTILINI,562,562,0,190,190,0,195.789474
28/07/2026 12:05,202605,WESTERN EUROPE-EU,GREECE,BIRMINGHAM,PREVEZA,2015,2015,0,1645,1645,0,22.492401
28/07/2026 12:05,202605,WESTERN EUROPE-EU,GREECE,BIRMINGHAM,RHODES,25972,20233,5739,21192,17201,3991,22.555681
28/07/2026 12:05,202605,WESTERN EUROPE-EU,GREECE,BIRMINGHAM,SALONIKA,6090,3174,2916,6076,3195,2881,0.230415
28/07/2026 12:05,202605,WESTERN EUROPE-EU,GREECE,BIRMINGHAM,SAMOS,924,924,0,0,0,0,0
28/07/2026 12:05,202605,WESTERN EUROPE-EU,GREECE,BIRMINGHAM,SKIATHOS,4954,3078,1876,4998,2250,2748,-0.880352
28/07/2026 12:05,202605,WESTERN EUROPE-EU,GREECE,BIRMINGHAM,THIRA (SANTORINI),1887,1887,0,3532,1820,1712,-46.574179
28/07/2026 12:05,202605,WESTERN EUROPE-EU,GREECE,BIRMINGHAM,ZAKINTHOS,9728,5336,4392,9247,4332,4915,5.201687
28/07/2026 12:05,202605,WESTERN EUROPE-EU,GREECE,BOURNEMOUTH,CORFU,3950,1171,2779,4078,1195,2883,-3.138794
28/07/2026 12:05,202605,WESTERN EUROPE-EU,GREECE,BOURNEMOUTH,HERAKLION,3499,1356,2143,3038,1212,1826,15.174457
28/07/2026 12:05,202605,WESTERN EUROPE-EU,GREECE,BOURNEMOUTH,KEFALLINIA,1001,0,1001,622,0,622,60.932476
28/07/2026 12:05,202605,WESTERN EUROPE-EU,GREECE,BOURNEMOUTH,KOS,1040,1040,0,0,0,0,0
28/07/2026 12:05,202605,WESTERN EUROPE-EU,GREECE,BOURNEMOUTH,RHODES,2706,1064,1642,2643,1121,1522,2.383655
28/07/2026 12:05,202605,WESTERN EUROPE-EU,GREECE,BOURNEMOUTH,ZAKINTHOS,1293,1113,180,1654,1465,189,-21.825877
28/07/2026 12:05,202605,WESTERN EUROPE-EU,GREECE,BRISTOL,ATHENS,4449,4449,0,4146,4146,0,7.308249
28/07/2026 12:05,202605,WESTERN EUROPE-EU,GREECE,BRISTOL,CHANIA,4141,4141,0,1871,1871,0,121.325494
28/07/2026 12:05,202605,WESTERN EUROPE-EU,GREECE,BRISTOL,CORFU,14076,10316,3760,13261,9580,3681,6.145841
28/07/2026 12:05,202605,WESTERN EUROPE-EU,GREECE,BRISTOL,HERAKLION,9843,6999,2844,9597,6642,2955,2.563301
28/07/2026 12:05,202605,WESTERN EUROPE-EU,GREECE,BRISTOL,KALAMATA,1177,1177,0,1059,1059,0,11.142587
28/07/2026 12:05,202605,WESTERN EUROPE-EU,GREECE,BRISTOL,KEFALLINIA,4909,2148,2761,4681,1850,2831,4.870754
28/07/2026 12:05,202605,WESTERN EUROPE-EU,GREECE,BRISTOL,KOS,11453,8381,3072,11204,8092,3112,2.222421
28/07/2026 12:05,202605,WESTERN EUROPE-EU,GREECE,BRISTOL,PREVEZA,3469,3469,0,1254,1254,0,176.634769
28/07/2026 12:05,202605,WESTERN EUROPE-EU,GREECE,BRISTOL,RHODES,20224,16737,3487,16728,13136,3592,20.899091
28/07/2026 12:05,202605,WESTERN EUROPE-EU,GREECE,BRISTOL,SALONIKA,1440,1280,160,1269,1269,0,13.475177
28/07/2026 12:05,202605,WESTERN EUROPE-EU,GREECE,BRISTOL,SKIATHOS,5289,4726,563,4836,4228,608,9.367246
28/07/2026 12:05,202605,WESTERN EUROPE-EU,GREECE,BRISTOL,THIRA (SANTORINI),1250,1250,0,0,0,0,0
28/07/2026 12:05,202605,WESTERN EUROPE-EU,GREECE,BRISTOL,ZAKINTHOS,8639,5553,3086,9726,6721,3005,-11.176229
28/07/2026 12:05,202605,WESTERN EUROPE-EU,GREECE,CARDIFF WALES,CORFU,1998,0,1998,2049,0,2049,-2.489019
28/07/2026 12:05,202605,WESTERN EUROPE-EU,GREECE,CARDIFF WALES,HERAKLION,1601,0,1601,646,0,646,147.832817
28/07/2026 12:05,202605,WESTERN EUROPE-EU,GREECE,CARDIFF WALES,KEFALLINIA,187,0,187,1265,0,1265,-85.217391
28/07/2026 12:05,202605,WESTERN EUROPE-EU,GREECE,CARDIFF WALES,KOS,1756,0,1756,1844,0,1844,-4.772234
28/07/2026 12:05,202605,WESTERN EUROPE-EU,GREECE,CARDIFF WALES,RHODES,2910,187,2723,2723,0,2723,6.867426
28/07/2026 12:05,202605,WESTERN EUROPE-EU,GREECE,CARDIFF WALES,ZAKINTHOS,1784,0,1784,699,0,699,155.221745
28/07/2026 12:05,202605,WESTERN EUROPE-EU,GREECE,EAST MIDLANDS INTERNATIONAL,CHANIA,2709,2709,0,2978,2978,0,-9.032908
28/07/2026 12:05,202605,WESTERN EUROPE-EU,GREECE,EAST MIDLANDS INTERNATIONAL,CORFU,10072,5969,4103,9806,6020,3786,2.712625
28/07/2026 12:05,202605,WESTERN EUROPE-EU,GREECE,EAST MIDLANDS INTERNATIONAL,HERAKLION,6890,4324,2566,7510,4050,3460,-8.255659
28/07/2026 12:05,202605,WESTERN EUROPE-EU,GREECE,EAST MIDLANDS INTERNATIONAL,KEFALLINIA,4427,2683,1744,4530,2750,1780,-2.273731
28/07/2026 12:05,202605,WESTERN EUROPE-EU,GREECE,EAST MIDLANDS INTERNATIONAL,KOS,7340,2751,4589,7114,2808,4306,3.176834
28/07/2026 12:05,202605,WESTERN EUROPE-EU,GREECE,EAST MIDLANDS INTERNATIONAL,PREVEZA,512,512,0,0,0,0,0
28/07/2026 12:05,202605,WESTERN EUROPE-EU,GREECE,EAST MIDLANDS INTERNATIONAL,RHODES,17469,12892,4577,15160,11708,3452,15.230871
28/07/2026 12:05,202605,WESTERN EUROPE-EU,GREECE,EAST MIDLANDS INTERNATIONAL,SALONIKA,559,559,0,0,0,0,0
28/07/2026 12:05,202605,WESTERN EUROPE-EU,GREECE,EAST MIDLANDS INTERNATIONAL,SKIATHOS,3672,2068,1604,3368,1704,1664,9.026128
28/07/2026 12:05,202605,WESTERN EUROPE-EU,GREECE,EAST MIDLANDS INTERNATIONAL,ZAKINTHOS,7670,3134,4536,7656,3174,4482,0.182863
28/07/2026 12:05,202605,WESTERN EUROPE-EU,GREECE,EDINBURGH,ATHENS,6976,6976,0,6864,6864,0,1.631702
28/07/2026 12:05,202605,WESTERN EUROPE-EU,GREECE,EDINBURGH,CORFU,8447,6822,1625,7297,5656,1641,15.759901
28/07/2026 12:05,202605,WESTERN EUROPE-EU,GREECE,EDINBURGH,HERAKLION,7771,7771,0,7897,7897,0,-1.595543
28/07/2026 12:05,202605,WESTERN EUROPE-EU,GREECE,EDINBURGH,KALAMATA,1148,1148,0,0,0,0,0
28/07/2026 12:05,202605,WESTERN EUROPE-EU,GREECE,EDINBURGH,KEFALLINIA,1160,1160,0,0,0,0,0
28/07/2026 12:05,202605,WESTERN EUROPE-EU,GREECE,EDINBURGH,KOS,3003,3003,0,3180,3180,0,-5.566038
28/07/2026 12:05,202605,WESTERN EUROPE-EU,GREECE,EDINBURGH,PREVEZA,2033,2033,0,1217,1217,0,67.050123
28/07/2026 12:05,202605,WESTERN EUROPE-EU,GREECE,EDINBURGH,RHODES,13221,13221,0,9890,9890,0,33.680485
28/07/2026 12:05,202605,WESTERN EUROPE-EU,GREECE,EDINBURGH,SALONIKA,1768,1768,0,2079,2079,0,-14.959115
28/07/2026 12:05,202605,WESTERN EUROPE-EU,GREECE,EDINBURGH,THIRA (SANTORINI),1285,1285,0,1385,1385,0,-7.220217
28/07/2026 12:05,202605,WESTERN EUROPE-EU,GREECE,EDINBURGH,ZAKINTHOS,3053,3053,0,3258,3258,0,-6.292204
28/07/2026 12:05,202605,WESTERN EUROPE-EU,GREECE,EXETER,CORFU,1805,0,1805,1829,0,1829,-1.312192
28/07/2026 12:05,202605,WESTERN EUROPE-EU,GREECE,EXETER,HERAKLION,700,0,700,700,0,700,0
28/07/2026 12:05,202605,WESTERN EUROPE-EU,GREECE,EXETER,KOS,493,0,493,0,0,0,0
28/07/2026 12:05,202605,WESTERN EUROPE-EU,GREECE,EXETER,RHODES,881,0,881,705,0,705,24.964539
28/07/2026 12:05,202605,WESTERN EUROPE-EU,GREECE,EXETER,ZAKINTHOS,2889,0,2889,3024,0,3024,-4.464286
28/07/2026 12:05,202605,WESTERN EUROPE-EU,GREECE,GLASGOW,CHANIA,2946,2946,0,0,0,0,0
28/07/2026 12:05,202605,WESTERN EUROPE-EU,GREECE,GLASGOW,CORFU,5088,2029,3059,4862,1767,3095,4.648293
28/07/2026 12:05,202605,WESTERN EUROPE-EU,GREECE,GLASGOW,HERAKLION,4182,4182,0,4233,4233,0,-1.204819
28/07/2026 12:05,202605,WESTERN EUROPE-EU,GREECE,GLASGOW,KEFALLINIA,1181,1181,0,1193,1193,0,-1.005868
28/07/2026 12:05,202605,WESTERN EUROPE-EU,GREECE,GLASGOW,KOS,3105,3105,0,2616,2616,0,18.692661
28/07/2026 12:05,202605,WESTERN EUROPE-EU,GREECE,GLASGOW,RHODES,7817,4390,3427,7434,4463,2971,5.152004
28/07/2026 12:05,202605,WESTERN EUROPE-EU,GREECE,GLASGOW,ZAKINTHOS,4932,2814,2118,4558,2791,1767,8.205353
28/07/2026 12:05,202605,WESTERN EUROPE-EU,GREECE,LEEDS BRADFORD,CHANIA,2853,2853,0,3014,3014,0,-5.341739
28/07/2026 12:05,202605,WESTERN EUROPE-EU,GREECE,LEEDS BRADFORD,CORFU,5523,3889,1634,4836,3214,1622,14.205955
28/07/2026 12:05,202605,WESTERN EUROPE-EU,GREECE,LEEDS BRADFORD,HERAKLION,8949,8949,0,7747,7747,0,15.515683
28/07/2026 12:05,202605,WESTERN EUROPE-EU,GREECE,LEEDS BRADFORD,KEFALLINIA,3551,3551,0,3104,3104,0,14.400773
28/07/2026 12:05,202605,WESTERN EUROPE-EU,GREECE,LEEDS BRADFORD,KOS,3725,3725,0,4328,4328,0,-13.932532
28/07/2026 12:05,202605,WESTERN EUROPE-EU,GREECE,LEEDS BRADFORD,RHODES,5040,5040,0,5285,5285,0,-4.635762
28/07/2026 12:05,202605,WESTERN EUROPE-EU,GREECE,LEEDS BRADFORD,SALONIKA,1165,1165,0,1235,1235,0,-5.668016
28/07/2026 12:05,202605,WESTERN EUROPE-EU,GREECE,LEEDS BRADFORD,SKIATHOS,2676,2676,0,2584,2584,0,3.560372
28/07/2026 12:05,202605,WESTERN EUROPE-EU,GREECE,LEEDS BRADFORD,ZAKINTHOS,2747,2747,0,2283,2283,0,20.324135
28/07/2026 12:05,202605,WESTERN EUROPE-EU,GREECE,LIVERPOOL (JOHN LENNON),CORFU,5454,5454,0,5404,5404,0,0.925241
28/07/2026 12:05,202605,WESTERN EUROPE-EU,GREECE,LIVERPOOL (JOHN LENNON),HERAKLION,4416,4416,0,4397,4397,0,0.432113
28/07/2026 12:05,202605,WESTERN EUROPE-EU,GREECE,LIVERPOOL (JOHN LENNON),KOS,4288,4288,0,3963,3963,0,8.200858
28/07/2026 12:05,202605,WESTERN EUROPE-EU,GREECE,LIVERPOOL (JOHN LENNON),RHODES,2560,2560,0,2838,2838,0,-9.795631
28/07/2026 12:05,202605,WESTERN EUROPE-EU,GREECE,LIVERPOOL (JOHN LENNON),SALONIKA,183,183,0,0,0,0,0
28/07/2026 12:05,202605,WESTERN EUROPE-EU,GREECE,LIVERPOOL (JOHN LENNON),ZAKINTHOS,2748,2748,0,2805,2805,0,-2.032086
28/07/2026 12:05,202605,WESTERN EUROPE-EU,GREECE,MANCHESTER,ATHENS,15679,15679,0,15961,15961,0,-1.766807
28/07/2026 12:05,202605,WESTERN EUROPE-EU,GREECE,MANCHESTER,CHANIA,15093,11674,3419,12959,9477,3482,16.46732
28/07/2026 12:05,202605,WESTERN EUROPE-EU,GREECE,MANCHESTER,CORFU,29027,22928,6099,28024,22121,5903,3.579075
28/07/2026 12:05,202605,WESTERN EUROPE-EU,GREECE,MANCHESTER,HERAKLION,33461,24537,8924,31227,22988,8239,7.154065
28/07/2026 12:05,202605,WESTERN EUROPE-EU,GREECE,MANCHESTER,KALAMATA,3570,3570,0,2822,2822,0,26.506024
28/07/2026 12:05,202605,WESTERN EUROPE-EU,GREECE,MANCHESTER,KAVALA,1558,0,1558,1244,0,1244,25.241158
28/07/2026 12:05,202605,WESTERN EUROPE-EU,GREECE,MANCHESTER,KEFALLINIA,9083,5874,3209,8653,5584,3069,4.969375
28/07/2026 12:05,202605,WESTERN EUROPE-EU,GREECE,MANCHESTER,KOS,19447,11949,7498,21443,15217,6226,-9.308399
28/07/2026 12:05,202605,WESTERN EUROPE-EU,GREECE,MANCHESTER,MIKONOS,2936,2936,0,2859,2859,0,2.693249
28/07/2026 12:05,202605,WESTERN EUROPE-EU,GREECE,MANCHESTER,MYTILINI,3247,3247,0,2644,2644,0,22.806354
28/07/2026 12:05,202605,WESTERN EUROPE-EU,GREECE,MANCHESTER,PREVEZA,7592,4035,3557,5060,3642,1418,50.039526
28/07/2026 12:05,202605,WESTERN EUROPE-EU,GREECE,MANCHESTER,RHODES,42743,33950,8793,36427,28644,7783,17.338787
28/07/2026 12:05,202605,WESTERN EUROPE-EU,GREECE,MANCHESTER,SALONIKA,9174,6813,2361,9683,6937,2746,-5.256635
28/07/2026 12:05,202605,WESTERN EUROPE-EU,GREECE,MANCHESTER,SAMOS,2450,2450,0,0,0,0,0
28/07/2026 12:05,202605,WESTERN EUROPE-EU,GREECE,MANCHESTER,SKIATHOS,9151,6193,2958,11285,6368,4917,-18.910058
28/07/2026 12:05,202605,WESTERN EUROPE-EU,GREECE,MANCHESTER,THIRA (SANTORINI),7771,6514,1257,9984,7230,2754,-22.165465
28/07/2026 12:05,202605,WESTERN EUROPE-EU,GREECE,MANCHESTER,ZAKINTHOS,16616,11300,5316,12966,8483,4483,28.150548
28/07/2026 12:05,202605,WESTERN EUROPE-EU,GREECE,NEWCASTLE,CHANIA,3015,3015,0,3254,3254,0,-7.344806
28/07/2026 12:05,202605,WESTERN EUROPE-EU,GREECE,NEWCASTLE,CORFU,11659,11659,0,8148,8148,0,43.090329
28/07/2026 12:05,202605,WESTERN EUROPE-EU,GREECE,NEWCASTLE,HERAKLION,7448,7448,0,6157,6157,0,20.968004
28/07/2026 12:05,202605,WESTERN EUROPE-EU,GREECE,NEWCASTLE,KEFALLINIA,2250,2250,0,2278,2278,0,-1.229148
28/07/2026 12:05,202605,WESTERN EUROPE-EU,GREECE,NEWCASTLE,KOS,6237,6237,0,5504,5504,0,13.317587
28/07/2026 12:05,202605,WESTERN EUROPE-EU,GREECE,NEWCASTLE,PREVEZA,194,194,0,0,0,0,0
28/07/2026 12:05,202605,WESTERN EUROPE-EU,GREECE,NEWCASTLE,RHODES,11248,11248,0,7414,7414,0,51.712975
28/07/2026 12:05,202605,WESTERN EUROPE-EU,GREECE,NEWCASTLE,SALONIKA,1238,1238,0,1268,1268,0,-2.365931
28/07/2026 12:05,202605,WESTERN EUROPE-EU,GREECE,NEWCASTLE,SKIATHOS,1706,1706,0,1575,1575,0,8.31746
28/07/2026 12:05,202605,WESTERN EUROPE-EU,GREECE,NEWCASTLE,THIRA (SANTORINI),0,0,0,1126,1126,0,-100
28/07/2026 12:05,202605,WESTERN EUROPE-EU,GREECE,NEWCASTLE,ZAKINTHOS,6632,6632,0,6142,6142,0,7.977857
28/07/2026 12:05,202605,WESTERN EUROPE-EU,GREECE,NORWICH,CORFU,1612,0,1612,1643,0,1643,-1.886792
28/07/2026 12:05,202605,WESTERN EUROPE-EU,GREECE,NORWICH,HERAKLION,1239,0,1239,1255,0,1255,-1.2749
28/07/2026 12:05,202605,WESTERN EUROPE-EU,GREECE,NORWICH,RHODES,1254,0,1254,1618,0,1618,-22.49691
28/07/2026 12:05,202605,WESTERN EUROPE-EU,IRISH REPUBLIC,GATWICK,CORK,11161,11161,0,11251,11251,0,-0.799929
28/07/2026 12:05,202605,WESTERN EUROPE-EU,IRISH REPUBLIC,GATWICK,DUBLIN,92942,92942,0,82337,82337,0,12.879993
28/07/2026 12:05,202605,WESTERN EUROPE-EU,IRISH REPUBLIC,GATWICK,SHANNON,11195,11195,0,10981,10981,0,1.948821
28/07/2026 12:05,202605,WESTERN EUROPE-EU,IRISH REPUBLIC,HEATHROW,CORK,35414,35414,0,35994,35994,0,-1.61138
28/07/2026 12:05,202605,WESTERN EUROPE-EU,IRISH REPUBLIC,HEATHROW,DUBLIN,158258,158258,0,152421,152421,0,3.829525
28/07/2026 12:05,202605,WESTERN EUROPE-EU,IRISH REPUBLIC,HEATHROW,IRELAND WEST(KNOCK),7344,7344,0,8669,8669,0,-15.284347
28/07/2026 12:05,202605,WESTERN EUROPE-EU,IRISH REPUBLIC,HEATHROW,SHANNON,25152,25152,0,25458,25458,0,-1.20198
28/07/2026 12:05,202605,WESTERN EUROPE-EU,IRISH REPUBLIC,LONDON CITY,DUBLIN,25842,25842,0,27141,27141,0,-4.786117
28/07/2026 12:05,202605,WESTERN EUROPE-EU,IRISH REPUBLIC,LUTON,CORK,7102,7102,0,6640,6640,0,6.957831
28/07/2026 12:05,202605,WESTERN EUROPE-EU,IRISH REPUBLIC,LUTON,DUBLIN,41025,41025,0,37897,37897,0,8.253952
28/07/2026 12:05,202605,WESTERN EUROPE-EU,IRISH REPUBLIC,LUTON,IRELAND WEST(KNOCK),16567,16567,0,15580,15580,0,6.335045
28/07/2026 12:05,202605,WESTERN EUROPE-EU,IRISH REPUBLIC,LUTON,KERRY COUNTY,11772,11772,0,11370,11370,0,3.53562
28/07/2026 12:05,202605,WESTERN EUROPE-EU,IRISH REPUBLIC,STANSTED,CORK,30075,30075,0,28394,28394,0,5.920265
28/07/2026 12:05,202605,WESTERN EUROPE-EU,IRISH REPUBLIC,STANSTED,DUBLIN,85401,85401,0,83624,83624,0,2.124988
28/07/2026 12:05,202605,WESTERN EUROPE-EU,IRISH REPUBLIC,STANSTED,IRELAND WEST(KNOCK),13320,13320,0,12711,12711,0,4.791126
28/07/2026 12:05,202605,WESTERN EUROPE-EU,IRISH REPUBLIC,STANSTED,KERRY COUNTY,8198,8198,0,6148,6148,0,33.344177
28/07/2026 12:05,202605,WESTERN EUROPE-EU,IRISH REPUBLIC,STANSTED,SHANNON,23420,23420,0,20855,20855,0,12.299209
28/07/2026 12:05,202605,WESTERN EUROPE-EU,IRISH REPUBLIC,ABERDEEN,DUBLIN,5509,5509,0,6735,6735,0,-18.203415
28/07/2026 12:05,202605,WESTERN EUROPE-EU,IRISH REPUBLIC,BELFAST INTERNATIONAL,DUBLIN,0,0,0,152,152,0,-100
28/07/2026 12:05,202605,WESTERN EUROPE-EU,IRISH REPUBLIC,BIGGIN HILL,DUBLIN,8,0,8,0,0,0,0
28/07/2026 12:05,202605,WESTERN EUROPE-EU,IRISH REPUBLIC,BIRMINGHAM,CORK,5562,5562,0,6508,6508,0,-14.535956
28/07/2026 12:05,202605,WESTERN EUROPE-EU,IRISH REPUBLIC,BIRMINGHAM,DUBLIN,75047,74971,76,68176,68176,0,10.078327
28/07/2026 12:05,202605,WESTERN EUROPE-EU,IRISH REPUBLIC,BIRMINGHAM,IRELAND WEST(KNOCK),3743,3743,0,5441,5441,0,-31.207499
28/07/2026 12:05,202605,WESTERN EUROPE-EU,IRISH REPUBLIC,BIRMINGHAM,SHANNON,4503,4503,0,3209,3209,0,40.324089
28/07/2026 12:05,202605,WESTERN EUROPE-EU,IRISH REPUBLIC,BRISTOL,CORK,4762,4762,0,4986,4986,0,-4.492579
28/07/2026 12:05,202605,WESTERN EUROPE-EU,IRISH REPUBLIC,BRISTOL,DUBLIN,41212,41212,0,40363,40363,0,2.103412
28/07/2026 12:05,202605,WESTERN EUROPE-EU,IRISH REPUBLIC,BRISTOL,IRELAND WEST(KNOCK),5223,5223,0,3637,3637,0,43.607369
28/07/2026 12:05,202605,WESTERN EUROPE-EU,IRISH REPUBLIC,CARDIFF WALES,DUBLIN,7875,7875,0,10866,10781,85,-27.526229
28/07/2026 12:05,202605,WESTERN EUROPE-EU,IRISH REPUBLIC,EAST MIDLANDS INTERNATIONAL,DUBLIN,15774,15774,0,15909,15909,0,-0.848576
28/07/2026 12:05,202605,WESTERN EUROPE-EU,IRISH REPUBLIC,EAST MIDLANDS INTERNATIONAL,IRELAND WEST(KNOCK),5844,5844,0,3637,3637,0,60.681881
28/07/2026 12:05,202605,WESTERN EUROPE-EU,IRISH REPUBLIC,EDINBURGH,CORK,12624,12624,0,10718,10718,0,17.783169
28/07/2026 12:05,202605,WESTERN EUROPE-EU,IRISH REPUBLIC,EDINBURGH,DUBLIN,77508,77508,0,72617,72617,0,6.735337
28/07/2026 12:05,202605,WESTERN EUROPE-EU,IRISH REPUBLIC,EDINBURGH,IRELAND WEST(KNOCK),5124,5124,0,4100,4100,0,24.97561
28/07/2026 12:05,202605,WESTERN EUROPE-EU,IRISH REPUBLIC,EDINBURGH,KERRY COUNTY,109,0,109,0,0,0,0
28/07/2026 12:05,202605,WESTERN EUROPE-EU,IRISH REPUBLIC,EDINBURGH,SHANNON,5602,5602,0,5324,5238,86,5.221638
28/07/2026 12:05,202605,WESTERN EUROPE-EU,IRISH REPUBLIC,EXETER,DUBLIN,3206,3206,0,3084,3084,0,3.955901
28/07/2026 12:05,202605,WESTERN EUROPE-EU,IRISH REPUBLIC,GLASGOW,CORK,2240,2240,0,2009,2009,0,11.498258
28/07/2026 12:05,202605,WESTERN EUROPE-EU,IRISH REPUBLIC,GLASGOW,DONEGAL,606,606,0,567,567,0,6.878307
28/07/2026 12:05,202605,WESTERN EUROPE-EU,IRISH REPUBLIC,GLASGOW,DUBLIN,46080,46080,0,46971,46971,0,-1.896915
28/07/2026 12:05,202605,WESTERN EUROPE-EU,IRISH REPUBLIC,GUERNSEY,DUBLIN,931,931,0,966,966,0,-3.623188
28/07/2026 12:05,202605,WESTERN EUROPE-EU,IRISH REPUBLIC,INVERNESS,DUBLIN,491,491,0,0,0,0,0
28/07/2026 12:05,202605,WESTERN EUROPE-EU,IRISH REPUBLIC,ISLE OF MAN,DUBLIN,6223,6223,0,5029,5029,0,23.742295
28/07/2026 12:05,202605,WESTERN EUROPE-EU,IRISH REPUBLIC,JERSEY,DUBLIN,980,980,0,1695,1695,0,-42.182891
28/07/2026 12:05,202605,WESTERN EUROPE-EU,IRISH REPUBLIC,LEEDS BRADFORD,DUBLIN,36746,36746,0,35270,35270,0,4.18486
28/07/2026 12:05,202605,WESTERN EUROPE-EU,IRISH REPUBLIC,LIVERPOOL (JOHN LENNON),CORK,6265,6265,0,6089,6089,0,2.890458
28/07/2026 12:05,202605,WESTERN EUROPE-EU,IRISH REPUBLIC,LIVERPOOL (JOHN LENNON),DUBLIN,52286,52286,0,53949,53949,0,-3.082541
28/07/2026 12:05,202605,WESTERN EUROPE-EU,IRISH REPUBLIC,LIVERPOOL (JOHN LENNON),IRELAND WEST(KNOCK),10477,10477,0,10925,10925,0,-4.100686
28/07/2026 12:05,202605,WESTERN EUROPE-EU,IRISH REPUBLIC,LIVERPOOL (JOHN LENNON),SHANNON,3062,3062,0,2282,2282,0,34.180543
28/07/2026 12:05,202605,WESTERN EUROPE-EU,IRISH REPUBLIC,MANCHESTER,CORK,19466,19466,0,19347,19347,0,0.615082
28/07/2026 12:05,202605,WESTERN EUROPE-EU,IRISH REPUBLIC,MANCHESTER,DUBLIN,100272,100272,0,91221,91221,0,9.922057
28/07/2026 12:05,202605,WESTERN EUROPE-EU,IRISH REPUBLIC,MANCHESTER,IRELAND WEST(KNOCK),4307,4307,0,2647,2647,0,62.712505
28/07/2026 12:05,202605,WESTERN EUROPE-EU,IRISH REPUBLIC,MANCHESTER,KERRY COUNTY,3579,3579,0,2923,2923,0,22.442696
28/07/2026 12:05,202605,WESTERN EUROPE-EU,IRISH REPUBLIC,MANCHESTER,SHANNON,9795,9795,0,8303,8303,0,17.969409
28/07/2026 12:05,202605,WESTERN EUROPE-EU,IRISH REPUBLIC,NEWCASTLE,DUBLIN,22133,22133,0,18834,18834,0,17.516194
28/07/2026 12:05,202605,WESTERN EUROPE-EU,IRISH REPUBLIC,NEWQUAY,DUBLIN,9510,9510,0,7034,7034,0,35.200455
28/07/2026 12:05,202605,WESTERN EUROPE-EU,IRISH REPUBLIC,PRESTWICK,CORK,189,189,0,0,0,0,0
28/07/2026 12:05,202605,WESTERN EUROPE-EU,IRISH REPUBLIC,SOUTHAMPTON,DUBLIN,9177,9177,0,9006,9006,0,1.898734
28/07/2026 12:05,202605,WESTERN EUROPE-EU,IRISH REPUBLIC,SUMBURGH,IRELAND WEST(KNOCK),0,0,0,1,0,1,-100
28/07/2026 12:05,202605,WESTERN EUROPE-EU,ITALY,GATWICK,BARI (PALESE),17643,17643,0,15682,15682,0,12.504783
28/07/2026 12:05,202605,WESTERN EUROPE-EU,ITALY,GATWICK,BOLZANO,748,748,0,448,448,0,66.964286
28/07/2026 12:05,202605,WESTERN EUROPE-EU,ITALY,GATWICK,BRINDISI,2702,2702,0,2359,2359,0,14.540059
28/07/2026 12:05,202605,WESTERN EUROPE-EU,ITALY,GATWICK,CAGLIARI (ELMAS),4072,4072,0,3620,3620,0,12.486188
28/07/2026 12:05,202605,WESTERN EUROPE-EU,ITALY,GATWICK,CATANIA (FONTANAROSSA),23646,23646,0,28843,28843,0,-18.018237
28/07/2026 12:05,202605,WESTERN EUROPE-EU,ITALY,GATWICK,FLORENCE,16996,16996,0,17995,17995,0,-5.551542
28/07/2026 12:05,202605,WESTERN EUROPE-EU,ITALY,GATWICK,LAMETIA-TERME,1773,0,1773,1615,0,1615,9.783282
28/07/2026 12:05,202605,WESTERN EUROPE-EU,ITALY,GATWICK,MILAN (LINATE),14330,14330,0,14731,14731,0,-2.722151
28/07/2026 12:05,202605,WESTERN EUROPE-EU,ITALY,GATWICK,MILAN (MALPENSA),44445,44445,0,70245,70245,0,-36.728593
28/07/2026 12:05,202605,WESTERN EUROPE-EU,ITALY,GATWICK,NAPLES,34140,31264,2876,33440,30313,3127,2.093301
28/07/2026 12:05,202605,WESTERN EUROPE-EU,ITALY,GATWICK,OLBIA,12832,11238,1594,13162,11375,1787,-2.507218
28/07/2026 12:05,202605,WESTERN EUROPE-EU,ITALY,GATWICK,PALERMO,10121,10121,0,9753,9753,0,3.773198
28/07/2026 12:05,202605,WESTERN EUROPE-EU,ITALY,GATWICK,PISA,20501,20501,0,19827,19827,0,3.399405
28/07/2026 12:05,202605,WESTERN EUROPE-EU,ITALY,GATWICK,RIMINI,2017,2017,0,1872,1872,0,7.745726
28/07/2026 12:05,202605,WESTERN EUROPE-EU,ITALY,GATWICK,ROME (FIUMICINO),30449,30449,0,80563,79821,742,-62.204734
28/07/2026 12:05,202605,WESTERN EUROPE-EU,ITALY,GATWICK,SALERNO COSTA AMALFI,0,0,0,2892,2892,0,-100
28/07/2026 12:05,202605,WESTERN EUROPE-EU,ITALY,GATWICK,TURIN,6405,6405,0,6303,6303,0,1.618277
28/07/2026 12:05,202605,WESTERN EUROPE-EU,ITALY,GATWICK,VENICE,19319,19319,0,18118,18118,0,6.628767
28/07/2026 12:05,202605,WESTERN EUROPE-EU,ITALY,GATWICK,VERONA VILLAFRANCA,25778,23752,2026,23668,21688,1980,8.914991
28/07/2026 12:05,202605,WESTERN EUROPE-EU,ITALY,HEATHROW,BARI (PALESE),113,113,0,0,0,0,0
28/07/2026 12:05,202605,WESTERN EUROPE-EU,ITALY,HEATHROW,BOLOGNA,23551,23551,0,23221,23221,0,1.421127
28/07/2026 12:05,202605,WESTERN EUROPE-EU,ITALY,HEATHROW,BRINDISI,6043,6043,0,4381,4381,0,37.936544
28/07/2026 12:05,202605,WESTERN EUROPE-EU,ITALY,HEATHROW,FLORENCE,16157,16157,0,15468,15468,0,4.454357
28/07/2026 12:05,202605,WESTERN EUROPE-EU,ITALY,HEATHROW,MILAN (LINATE),56783,56783,0,50449,50449,0,12.555254
28/07/2026 12:05,202605,WESTERN EUROPE-EU,ITALY,HEATHROW,MILAN (MALPENSA),20437,20437,0,19063,19063,0,7.20768
28/07/2026 12:05,202605,WESTERN EUROPE-EU,ITALY,HEATHROW,NAPLES,28697,28697,0,27286,27286,0,5.17115
28/07/2026 12:05,202605,WESTERN EUROPE-EU,ITALY,HEATHROW,OLBIA,6149,6149,0,4995,4995,0,23.103103
28/07/2026 12:05,202605,WESTERN EUROPE-EU,ITALY,HEATHROW,PALERMO,11093,11093,0,6173,6173,0,79.701928
28/07/2026 12:05,202605,WESTERN EUROPE-EU,ITALY,HEATHROW,PERUGIA,3033,3033,0,2468,2468,0,22.893031
28/07/2026 12:05,202605,WESTERN EUROPE-EU,ITALY,HEATHROW,PISA,23676,23676,0,17205,17205,0,37.61116
28/07/2026 12:05,202605,WESTERN EUROPE-EU,ITALY,HEATHROW,RIMINI,1768,1768,0,1530,1530,0,15.555556
28/07/2026 12:05,202605,WESTERN EUROPE-EU,ITALY,HEATHROW,ROME (FIUMICINO),94363,94363,0,74303,74303,0,26.997564
28/07/2026 12:05,202605,WESTERN EUROPE-EU,ITALY,HEATHROW,VENICE,43934,43934,0,41742,41742,0,5.251306
28/07/2026 12:05,202605,WESTERN EUROPE-EU,ITALY,LONDON CITY,FLORENCE,12037,12037,0,11957,11957,0,0.669064
28/07/2026 12:05,202605,WESTERN EUROPE-EU,ITALY,LONDON CITY,MILAN (LINATE),30397,30397,0,31321,31321,0,-2.950097
28/07/2026 12:05,202605,WESTERN EUROPE-EU,ITALY,LONDON CITY,OLBIA,1085,1085,0,175,175,0,520
28/07/2026 12:05,202605,WESTERN EUROPE-EU,ITALY,LONDON CITY,PISA,0,0,0,70,70,0,-100
28/07/2026 12:05,202605,WESTERN EUROPE-EU,ITALY,LONDON CITY,ROME (FIUMICINO),0,0,0,9417,9417,0,-100
28/07/2026 12:05,202605,WESTERN EUROPE-EU,ITALY,LUTON,BOLOGNA,5357,5357,0,6018,6018,0,-10.983716
28/07/2026 12:05,202605,WESTERN EUROPE-EU,ITALY,LUTON,CATANIA (FONTANAROSSA),9284,9284,0,9973,9973,0,-6.908653
28/07/2026 12:05,202605,WESTERN EUROPE-EU,ITALY,LUTON,MILAN (MALPENSA),25111,25111,0,4991,4991,0,403.125626
28/07/2026 12:05,202605,WESTERN EUROPE-EU,ITALY,LUTON,NAPLES,14558,14558,0,15893,15893,0,-8.399924
28/07/2026 12:05,202605,WESTERN EUROPE-EU,ITALY,LUTON,OLBIA,830,830,0,2152,2152,0,-61.431227
28/07/2026 12:05,202605,WESTERN EUROPE-EU,ITALY,LUTON,PALERMO,4103,4103,0,4561,4561,0,-10.041658
28/07/2026 12:05,202605,WESTERN EUROPE-EU,ITALY,LUTON,PISA,5215,5215,0,5167,5167,0,0.928972
28/07/2026 12:05,202605,WESTERN EUROPE-EU,ITALY,LUTON,ROME (FIUMICINO),31763,31763,0,0,0,0,0
28/07/2026 12:05,202605,WESTERN EUROPE-EU,ITALY,LUTON,TREVISO,2929,2929,0,2725,2725,0,7.486239
28/07/2026 12:05,202605,WESTERN EUROPE-EU,ITALY,LUTON,VENICE,10060,10060,0,0,0,0,0
28/07/2026 12:05,202605,WESTERN EUROPE-EU,ITALY,LUTON,VERONA VILLAFRANCA,577,577,0,0,0,0,0
28/07/2026 12:05,202605,WESTERN EUROPE-EU,ITALY,SOUTHEND,FLORENCE,94,94,0,76,76,0,23.684211
28/07/2026 12:05,202605,WESTERN EUROPE-EU,ITALY,SOUTHEND,MILAN (LINATE),215,215,0,0,0,0,0
28/07/2026 12:05,202605,WESTERN EUROPE-EU,ITALY,SOUTHEND,PISA,2361,2361,0,2546,2546,0,-7.2663
28/07/2026 12:05,202605,WESTERN EUROPE-EU,ITALY,STANSTED,ALGHERO (FERTILIA),4113,4113,0,4061,4061,0,1.280473
28/07/2026 12:05,202605,WESTERN EUROPE-EU,ITALY,STANSTED,ANCONA,11243,11243,0,10429,10429,0,7.805159
28/07/2026 12:05,202605,WESTERN EUROPE-EU,ITALY,STANSTED,BARI (PALESE),10871,10871,0,9843,9711,132,10.44397
28/07/2026 12:05,202605,WESTERN EUROPE-EU,ITALY,STANSTED,BERGAMO,42591,42591,0,40641,40641,0,4.79811
28/07/2026 12:05,202605,WESTERN EUROPE-EU,ITALY,STANSTED,BOLOGNA,19436,19436,0,18331,18331,0,6.02804
28/07/2026 12:05,202605,WESTERN EUROPE-EU,ITALY,STANSTED,BRINDISI,10698,10698,0,9513,9513,0,12.456638
28/07/2026 12:05,202605,WESTERN EUROPE-EU,ITALY,STANSTED,CAGLIARI (ELMAS),9251,9251,0,9546,9546,0,-3.0903
28/07/2026 12:05,202605,WESTERN EUROPE-EU,ITALY,STANSTED,CATANIA (FONTANAROSSA),8897,8897,0,7019,7019,0,26.755948
28/07/2026 12:05,202605,WESTERN EUROPE-EU,ITALY,STANSTED,FLORENCE,793,793,0,807,807,0,-1.73482
28/07/2026 12:05,202605,WESTERN EUROPE-EU,ITALY,STANSTED,GENOA,14012,14012,0,12016,12016,0,16.611185
28/07/2026 12:05,202605,WESTERN EUROPE-EU,ITALY,STANSTED,LAMETIA-TERME,5853,5853,0,8166,8166,0,-28.324761
28/07/2026 12:05,202605,WESTERN EUROPE-EU,ITALY,STANSTED,MILAN (MALPENSA),30660,30660,0,32684,32684,0,-6.192632
28/07/2026 12:05,202605,WESTERN EUROPE-EU,ITALY,STANSTED,NAPLES,18570,18570,0,18172,18172,0,2.190183
28/07/2026 12:05,202605,WESTERN EUROPE-EU,ITALY,STANSTED,OLBIA,6316,6316,0,5425,5425,0,16.423963
28/07/2026 12:05,202605,WESTERN EUROPE-EU,ITALY,STANSTED,PALERMO,14362,14362,0,11280,11280,0,27.322695
28/07/2026 12:05,202605,WESTERN EUROPE-EU,ITALY,STANSTED,PERUGIA,12259,12259,0,10320,10320,0,18.78876
28/07/2026 12:05,202605,WESTERN EUROPE-EU,ITALY,STANSTED,PESCARA,12917,12917,0,11588,11588,0,11.468761
28/07/2026 12:05,202605,WESTERN EUROPE-EU,ITALY,STANSTED,PISA,32049,32049,0,32029,32029,0,0.062443
28/07/2026 12:05,202605,WESTERN EUROPE-EU,ITALY,STANSTED,REGGIO,2196,2196,0,2316,2316,0,-5.181347
28/07/2026 12:05,202605,WESTERN EUROPE-EU,ITALY,STANSTED,RIMINI,2820,2820,0,1300,1300,0,116.923077
28/07/2026 12:05,202605,WESTERN EUROPE-EU,ITALY,STANSTED,ROME (CIAMPINO),48325,48325,0,46114,46114,0,4.794639
28/07/2026 12:05,202605,WESTERN EUROPE-EU,ITALY,STANSTED,ROME (FIUMICINO),2112,2112,0,3886,3886,0,-45.651055
28/07/2026 12:05,202605,WESTERN EUROPE-EU,ITALY,STANSTED,SALERNO COSTA AMALFI,2570,2570,0,2832,2832,0,-9.251412
28/07/2026 12:05,202605,WESTERN EUROPE-EU,ITALY,STANSTED,TRIESTE (RONCHI DEI LEGIONARI),8141,8141,0,11760,11760,0,-30.77381
28/07/2026 12:05,202605,WESTERN EUROPE-EU,ITALY,STANSTED,TURIN,16737,16737,0,16580,16580,0,0.946924
28/07/2026 12:05,202605,WESTERN EUROPE-EU,ITALY,STANSTED,VENICE,32901,32901,0,28898,28898,0,13.85217
28/07/2026 12:05,202605,WESTERN EUROPE-EU,ITALY,STANSTED,VERONA VILLAFRANCA,16379,16379,0,11631,11631,0,40.821941
28/07/2026 12:05,202605,WESTERN EUROPE-EU,ITALY,BELFAST CITY (GEORGE BEST),BOLOGNA,487,0,487,491,0,491,-0.814664
28/07/2026 12:05,202605,WESTERN EUROPE-EU,ITALY,BELFAST INTERNATIONAL,BERGAMO,3021,3021,0,3074,3074,0,-1.724138
28/07/2026 12:05,202605,WESTERN EUROPE-EU,ITALY,BELFAST INTERNATIONAL,VERONA VILLAFRANCA,1103,1103,0,1208,1208,0,-8.692053
28/07/2026 12:05,202605,WESTERN EUROPE-EU,ITALY,BIGGIN HILL,BOLOGNA,16,0,16,182,0,182,-91.208791
28/07/2026 12:05,202605,WESTERN EUROPE-EU,ITALY,BIGGIN HILL,FORLI,0,0,0,68,0,68,-100
28/07/2026 12:05,202605,WESTERN EUROPE-EU,ITALY,BIGGIN HILL,NAPLES,17,0,17,0,0,0,0
28/07/2026 12:05,202605,WESTERN EUROPE-EU,ITALY,BIGGIN HILL,PISA,4,0,4,7,0,7,-42.857143
28/07/2026 12:05,202605,WESTERN EUROPE-EU,ITALY,BIGGIN HILL,ROME (CIAMPINO),8,0,8,3,0,3,166.666667
28/07/2026 12:05,202605,WESTERN EUROPE-EU,ITALY,BIGGIN HILL,VENICE,2,0,2,0,0,0,0
28/07/2026 12:05,202605,WESTERN EUROPE-EU,ITALY,BIRMINGHAM,BERGAMO,11299,11299,0,8045,8045,0,40.447483
28/07/2026 12:05,202605,WESTERN EUROPE-EU,ITALY,BIRMINGHAM,BOLOGNA,0,0,0,193,0,193,-100
28/07/2026 12:05,202605,WESTERN EUROPE-EU,ITALY,BIRMINGHAM,CATANIA (FONTANAROSSA),2715,2715,0,2719,2719,0,-0.147113
28/07/2026 12:05,202605,WESTERN EUROPE-EU,ITALY,BIRMINGHAM,MILAN (LINATE),2560,2560,0,2688,2688,0,-4.761905
28/07/2026 12:05,202605,WESTERN EUROPE-EU,ITALY,BIRMINGHAM,NAPLES,6092,3068,3024,6000,2894,3106,1.533333
28/07/2026 12:05,202605,WESTERN EUROPE-EU,ITALY,BIRMINGHAM,OLBIA,1261,1261,0,690,690,0,82.753623
28/07/2026 12:05,202605,WESTERN EUROPE-EU,ITALY,BIRMINGHAM,PALERMO,948,948,0,0,0,0,0
28/07/2026 12:05,202605,WESTERN EUROPE-EU,ITALY,BIRMINGHAM,PISA,6108,6108,0,5813,5813,0,5.074832
28/07/2026 12:05,202605,WESTERN EUROPE-EU,ITALY,BIRMINGHAM,ROME (FIUMICINO),22244,22244,0,6169,6169,0,260.577079
28/07/2026 12:05,202605,WESTERN EUROPE-EU,ITALY,BIRMINGHAM,TREVISO,2434,2434,0,2608,2608,0,-6.671779
28/07/2026 12:05,202605,WESTERN EUROPE-EU,ITALY,BIRMINGHAM,VENICE,2804,2804,0,2679,2679,0,4.66592
28/07/2026 12:05,202605,WESTERN EUROPE-EU,ITALY,BIRMINGHAM,VERONA VILLAFRANCA,12895,10506,2389,11438,8698,2740,12.738241
28/07/2026 12:05,202605,WESTERN EUROPE-EU,ITALY,BOURNEMOUTH,TRAPANI,2773,2773,0,0,0,0,0
28/07/2026 12:05,202605,WESTERN EUROPE-EU,ITALY,BOURNEMOUTH,VENICE,0,0,0,2178,2178,0,-100
28/07/2026 12:05,202605,WESTERN EUROPE-EU,ITALY,BRISTOL,BARI (PALESE),5129,5129,0,0,0,0,0
28/07/2026 12:05,202605,WESTERN EUROPE-EU,ITALY,BRISTOL,BERGAMO,7424,7424,0,4995,4995,0,48.628629
28/07/2026 12:05,202605,WESTERN EUROPE-EU,ITALY,BRISTOL,CATANIA (FONTANAROSSA),3058,3058,0,3074,3074,0,-0.520494
28/07/2026 12:05,202605,WESTERN EUROPE-EU,ITALY,BRISTOL,MILAN (MALPENSA),7652,7652,0,3889,3889,0,96.760093
28/07/2026 12:05,202605,WESTERN EUROPE-EU,ITALY,BRISTOL,NAPLES,5923,5923,0,5597,5597,0,5.824549
28/07/2026 12:05,202605,WESTERN EUROPE-EU,ITALY,BRISTOL,OLBIA,2845,2845,0,2999,2999,0,-5.135045
28/07/2026 12:05,202605,WESTERN EUROPE-EU,ITALY,BRISTOL,PALERMO,2866,2866,0,0,0,0,0
28/07/2026 12:05,202605,WESTERN EUROPE-EU,ITALY,BRISTOL,PISA,7103,7103,0,7170,7170,0,-0.934449
28/07/2026 12:05,202605,WESTERN EUROPE-EU,ITALY,BRISTOL,ROME (FIUMICINO),10885,10885,0,11089,11089,0,-1.839661
28/07/2026 12:05,202605,WESTERN EUROPE-EU,ITALY,BRISTOL,VENICE,8331,8331,0,7617,7617,0,9.373769
28/07/2026 12:05,202605,WESTERN EUROPE-EU,ITALY,BRISTOL,VERONA VILLAFRANCA,5741,3910,1831,3153,1520,1633,82.080558
28/07/2026 12:05,202605,WESTERN EUROPE-EU,ITALY,EAST MIDLANDS INTERNATIONAL,BERGAMO,3354,3354,0,2716,2716,0,23.490427
28/07/2026 12:05,202605,WESTERN EUROPE-EU,ITALY,EAST MIDLANDS INTERNATIONAL,NAPLES,2945,543,2402,4070,1486,2584,-27.641278
28/07/2026 12:05,202605,WESTERN EUROPE-EU,ITALY,EAST MIDLANDS INTERNATIONAL,ROME (CIAMPINO),4923,4923,0,4856,4856,0,1.379736
28/07/2026 12:05,202605,WESTERN EUROPE-EU,ITALY,EAST MIDLANDS INTERNATIONAL,TREVISO,2550,2550,0,2874,2874,0,-11.273486
28/07/2026 12:05,202605,WESTERN EUROPE-EU,ITALY,EAST MIDLANDS INTERNATIONAL,VERONA VILLAFRANCA,883,883,0,1074,1074,0,-17.783985
28/07/2026 12:05,202605,WESTERN EUROPE-EU,ITALY,EDINBURGH,BARI (PALESE),4262,4262,0,3220,3220,0,32.360248
28/07/2026 12:05,202605,WESTERN EUROPE-EU,ITALY,EDINBURGH,BERGAMO,13545,13545,0,12901,12901,0,4.991861
28/07/2026 12:05,202605,WESTERN EUROPE-EU,ITALY,EDINBURGH,BOLOGNA,5277,5277,0,4520,4520,0,16.747788
28/07/2026 12:05,202605,WESTERN EUROPE-EU,ITALY,EDINBURGH,CATANIA (FONTANAROSSA),3930,3930,0,4205,4205,0,-6.539834
28/07/2026 12:05,202605,WESTERN EUROPE-EU,ITALY,EDINBURGH,FLORENCE,566,566,0,1222,1222,0,-53.682488
28/07/2026 12:05,202605,WESTERN EUROPE-EU,ITALY,EDINBURGH,MILAN (LINATE),9009,9009,0,8677,8677,0,3.826207
28/07/2026 12:05,202605,WESTERN EUROPE-EU,ITALY,EDINBURGH,MILAN (MALPENSA),9454,9454,0,7585,7585,0,24.640738
28/07/2026 12:05,202605,WESTERN EUROPE-EU,ITALY,EDINBURGH,NAPLES,10436,10436,0,10234,10234,0,1.973813
28/07/2026 12:05,202605,WESTERN EUROPE-EU,ITALY,EDINBURGH,OLBIA,2806,2806,0,3001,3001,0,-6.497834
28/07/2026 12:05,202605,WESTERN EUROPE-EU,ITALY,EDINBURGH,PALERMO,3293,3293,0,3230,3230,0,1.950464
28/07/2026 12:05,202605,WESTERN EUROPE-EU,ITALY,EDINBURGH,PISA,8544,8544,0,6411,6411,0,33.270941
28/07/2026 12:05,202605,WESTERN EUROPE-EU,ITALY,EDINBURGH,ROME (CIAMPINO),13169,13169,0,11476,11476,0,14.752527
28/07/2026 12:05,202605,WESTERN EUROPE-EU,ITALY,EDINBURGH,ROME (FIUMICINO),2942,2942,0,2819,2819,0,4.363249
28/07/2026 12:05,202605,WESTERN EUROPE-EU,ITALY,EDINBURGH,VENICE,8704,8704,0,8758,8758,0,-0.616579
28/07/2026 12:05,202605,WESTERN EUROPE-EU,ITALY,EDINBURGH,VERONA VILLAFRANCA,2876,2876,0,2887,2887,0,-0.381018
28/07/2026 12:05,202605,WESTERN EUROPE-EU,ITALY,GLASGOW,BOLOGNA,288,0,288,489,0,489,-41.104294
28/07/2026 12:05,202605,WESTERN EUROPE-EU,ITALY,GLASGOW,MILAN (MALPENSA),5495,5495,0,0,0,0,0
28/07/2026 12:05,202605,WESTERN EUROPE-EU,ITALY,GLASGOW,NAPLES,3105,1553,1552,3131,1468,1663,-0.830406
28/07/2026 12:05,202605,WESTERN EUROPE-EU,ITALY,GLASGOW,ROME (FIUMICINO),11284,11284,0,2966,2966,0,280.445044
28/07/2026 12:05,202605,WESTERN EUROPE-EU,ITALY,GLASGOW,TREVISO,0,0,0,150,0,150,-100
28/07/2026 12:05,202605,WESTERN EUROPE-EU,ITALY,GLASGOW,VERONA VILLAFRANCA,2609,902,1707,2664,880,1784,-2.064565
28/07/2026 12:05,202605,WESTERN EUROPE-EU,ITALY,GUERNSEY,GENOA,0,0,0,149,149,0,-100
28/07/2026 12:05,202605,WESTERN EUROPE-EU,ITALY,INVERNESS,MILAN (LINATE),0,0,0,2,0,2,-100
28/07/2026 12:05,202605,WESTERN EUROPE-EU,ITALY,LEEDS BRADFORD,CATANIA (FONTANAROSSA),1091,1091,0,1076,1076,0,1.394052
28/07/2026 12:05,202605,WESTERN EUROPE-EU,ITALY,LEEDS BRADFORD,NAPLES,2238,2238,0,2022,2022,0,10.682493
28/07/2026 12:05,202605,WESTERN EUROPE-EU,ITALY,LEEDS BRADFORD,PISA,1135,1135,0,474,474,0,139.451477
28/07/2026 12:05,202605,WESTERN EUROPE-EU,ITALY,LEEDS BRADFORD,ROME (FIUMICINO),2223,2223,0,2381,2381,0,-6.635867
28/07/2026 12:05,202605,WESTERN EUROPE-EU,ITALY,LEEDS BRADFORD,VERONA VILLAFRANCA,1986,1986,0,833,833,0,138.415366
28/07/2026 12:05,202605,WESTERN EUROPE-EU,ITALY,LIVERPOOL (JOHN LENNON),BERGAMO,3277,3277,0,4164,4164,0,-21.301633
28/07/2026 12:05,202605,WESTERN EUROPE-EU,ITALY,LIVERPOOL (JOHN LENNON),MILAN (MALPENSA),771,771,0,0,0,0,0
28/07/2026 12:05,202605,WESTERN EUROPE-EU,ITALY,LIVERPOOL (JOHN LENNON),ROME (CIAMPINO),3947,3947,0,5639,5639,0,-30.00532
28/07/2026 12:05,202605,WESTERN EUROPE-EU,ITALY,MANCHESTER,BARI (PALESE),140,140,0,0,0,0,0
28/07/2026 12:05,202605,WESTERN EUROPE-EU,ITALY,MANCHESTER,BERGAMO,19334,19334,0,17822,17822,0,8.483896
28/07/2026 12:05,202605,WESTERN EUROPE-EU,ITALY,MANCHESTER,BOLOGNA,10750,10750,0,6502,6502,0,65.333743
28/07/2026 12:05,202605,WESTERN EUROPE-EU,ITALY,MANCHESTER,BRINDISI,2745,2745,0,3161,3161,0,-13.160392
28/07/2026 12:05,202605,WESTERN EUROPE-EU,ITALY,MANCHESTER,CATANIA (FONTANAROSSA),5806,5806,0,5525,5525,0,5.085973
28/07/2026 12:05,202605,WESTERN EUROPE-EU,ITALY,MANCHESTER,GENOA,0,0,0,2558,2558,0,-100
28/07/2026 12:05,202605,WESTERN EUROPE-EU,ITALY,MANCHESTER,LAMETIA-TERME,1595,0,1595,1606,0,1606,-0.684932
28/07/2026 12:05,202605,WESTERN EUROPE-EU,ITALY,MANCHESTER,MILAN (LINATE),8706,8706,0,8185,8185,0,6.365302
28/07/2026 12:05,202605,WESTERN EUROPE-EU,ITALY,MANCHESTER,MILAN (MALPENSA),24104,24104,0,25487,25487,0,-5.426296
28/07/2026 12:05,202605,WESTERN EUROPE-EU,ITALY,MANCHESTER,NAPLES,24004,21058,2946,21234,18129,3105,13.045116
28/07/2026 12:05,202605,WESTERN EUROPE-EU,ITALY,MANCHESTER,OLBIA,4005,3478,527,3517,2980,537,13.875462
28/07/2026 12:05,202605,WESTERN EUROPE-EU,ITALY,MANCHESTER,PALERMO,2743,2743,0,0,0,0,0
28/07/2026 12:05,202605,WESTERN EUROPE-EU,ITALY,MANCHESTER,PISA,20632,20632,0,20682,20682,0,-0.241756
28/07/2026 12:05,202605,WESTERN EUROPE-EU,ITALY,MANCHESTER,ROME (CIAMPINO),23583,23583,0,20648,20648,0,14.214452
28/07/2026 12:05,202605,WESTERN EUROPE-EU,ITALY,MANCHESTER,ROME (FIUMICINO),14397,14397,0,12583,12583,0,14.416276
28/07/2026 12:05,202605,WESTERN EUROPE-EU,ITALY,MANCHESTER,VENICE,22949,22949,0,20337,20337,0,12.843586
28/07/2026 12:05,202605,WESTERN EUROPE-EU,ITALY,MANCHESTER,VERONA VILLAFRANCA,15141,12470,2671,10298,7424,2874,47.028549
28/07/2026 12:05,202605,WESTERN EUROPE-EU,ITALY,NEWCASTLE,BERGAMO,5732,5732,0,7478,7478,0,-23.348489
28/07/2026 12:05,202605,WESTERN EUROPE-EU,ITALY,NEWCASTLE,NAPLES,2898,2898,0,2883,2883,0,0.520291
28/07/2026 12:05,202605,WESTERN EUROPE-EU,ITALY,NEWCASTLE,PALERMO,221,221,0,0,0,0,0
28/07/2026 12:05,202605,WESTERN EUROPE-EU,ITALY,NEWCASTLE,ROME (FIUMICINO),5383,5383,0,3022,3022,0,78.127068
28/07/2026 12:05,202605,WESTERN EUROPE-EU,ITALY,NEWCASTLE,VERONA VILLAFRANCA,3908,3908,0,3942,3942,0,-0.862506
28/07/2026 12:05,202605,WESTERN EUROPE-EU,ITALY,PRESTWICK,PISA,4069,4069,0,3057,3057,0,33.104351
28/07/2026 12:05,202605,WESTERN EUROPE-EU,LUXEMBOURG,HEATHROW,LUXEMBOURG,12168,12168,0,11666,11666,0,4.303103
28/07/2026 12:05,202605,WESTERN EUROPE-EU,LUXEMBOURG,LONDON CITY,LUXEMBOURG,14620,14620,0,13496,13496,0,8.328394
28/07/2026 12:05,202605,WESTERN EUROPE-EU,LUXEMBOURG,STANSTED,LUXEMBOURG,15001,15001,0,13071,13071,0,14.765511
28/07/2026 12:05,202605,WESTERN EUROPE-EU,LUXEMBOURG,MANCHESTER,LUXEMBOURG,1905,1905,0,992,992,0,92.03629
28/07/2026 12:05,202605,WESTERN EUROPE-EU,MALTA,GATWICK,MALTA,58147,53918,4229,53013,47440,5573,9.684417
28/07/2026 12:05,202605,WESTERN EUROPE-EU,MALTA,HEATHROW,MALTA,16608,16608,0,16547,16547,0,0.368647
28/07/2026 12:05,202605,WESTERN EUROPE-EU,MALTA,LUTON,MALTA,9605,9605,0,8285,8285,0,15.932408
28/07/2026 12:05,202605,WESTERN EUROPE-EU,MALTA,SOUTHEND,MALTA,4009,4009,0,5595,5595,0,-28.346738
28/07/2026 12:05,202605,WESTERN EUROPE-EU,MALTA,STANSTED,MALTA,27255,27255,0,25061,25061,0,8.754639
28/07/2026 12:05,202605,WESTERN EUROPE-EU,MALTA,BELFAST INTERNATIONAL,MALTA,4344,4344,0,4469,4469,0,-2.797046
28/07/2026 12:05,202605,WESTERN EUROPE-EU,MALTA,BIRMINGHAM,MALTA,16954,15476,1478,13171,11457,1714,28.722193
28/07/2026 12:05,202605,WESTERN EUROPE-EU,MALTA,BOURNEMOUTH,MALTA,4150,4150,0,4393,4393,0,-5.531527
28/07/2026 12:05,202605,WESTERN EUROPE-EU,MALTA,BRISTOL,MALTA,9070,7659,1411,7924,6176,1748,14.462393
28/07/2026 12:05,202605,WESTERN EUROPE-EU,MALTA,EAST MIDLANDS INTERNATIONAL,MALTA,5859,5859,0,4397,4397,0,33.249943
28/07/2026 12:05,202605,WESTERN EUROPE-EU,MALTA,EDINBURGH,MALTA,8862,8862,0,8791,8791,0,0.807644
28/07/2026 12:05,202605,WESTERN EUROPE-EU,MALTA,GLASGOW,MALTA,5793,5793,0,6197,6197,0,-6.519284
28/07/2026 12:05,202605,WESTERN EUROPE-EU,MALTA,LEEDS BRADFORD,MALTA,3091,3091,0,3093,3093,0,-0.064662
28/07/2026 12:05,202605,WESTERN EUROPE-EU,MALTA,LIVERPOOL (JOHN LENNON),MALTA,8120,8120,0,7552,7552,0,7.521186
28/07/2026 12:05,202605,WESTERN EUROPE-EU,MALTA,MANCHESTER,MALTA,35207,30726,4481,34568,28974,5594,1.84853
28/07/2026 12:05,202605,WESTERN EUROPE-EU,MALTA,NEWCASTLE,MALTA,11010,11010,0,2156,2156,0,410.667904
28/07/2026 12:05,202605,WESTERN EUROPE-EU,MALTA,NORWICH,MALTA,2550,2550,0,3038,0,3038,-16.063199
28/07/2026 12:05,202605,WESTERN EUROPE-EU,NETHERLANDS,GATWICK,AMSTERDAM,41990,41990,0,46296,46296,0,-9.30102
28/07/2026 12:05,202605,WESTERN EUROPE-EU,NETHERLANDS,HEATHROW,AMSTERDAM,123431,123431,0,126003,126003,0,-2.041221
28/07/2026 12:05,202605,WESTERN EUROPE-EU,NETHERLANDS,LONDON CITY,AMSTERDAM,46718,46718,0,48170,48170,0,-3.014324
28/07/2026 12:05,202605,WESTERN EUROPE-EU,NETHERLANDS,LONDON CITY,ROTTERDAM,8460,8460,0,10998,10998,0,-23.076923
28/07/2026 12:05,202605,WESTERN EUROPE-EU,NETHERLANDS,LUTON,AMSTERDAM,35755,35755,0,36952,36952,0,-3.239338
28/07/2026 12:05,202605,WESTERN EUROPE-EU,NETHERLANDS,LUTON,MAASTRICHT,0,0,0,69,0,69,-100
28/07/2026 12:05,202605,WESTERN EUROPE-EU,NETHERLANDS,SOUTHEND,AMSTERDAM,5790,5790,0,8446,8446,0,-31.446839
28/07/2026 12:05,202605,WESTERN EUROPE-EU,NETHERLANDS,STANSTED,AMSTERDAM,10943,10943,0,15298,15298,0,-28.467774
28/07/2026 12:05,202605,WESTERN EUROPE-EU,NETHERLANDS,STANSTED,EINDHOVEN,31626,31626,0,31209,31209,0,1.336153
28/07/2026 12:05,202605,WESTERN EUROPE-EU,NETHERLANDS,STANSTED,ROTTERDAM,3103,3103,0,2295,2295,0,35.206972
28/07/2026 12:05,202605,WESTERN EUROPE-EU,NETHERLANDS,ABERDEEN,AMSTERDAM,26192,26192,0,28040,28040,0,-6.590585
28/07/2026 12:05,202605,WESTERN EUROPE-EU,NETHERLANDS,BELFAST CITY (GEORGE BEST),AMSTERDAM,7934,7934,0,8622,8622,0,-7.979587
28/07/2026 12:05,202605,WESTERN EUROPE-EU,NETHERLANDS,BELFAST INTERNATIONAL,AMSTERDAM,4093,4093,0,4930,4930,0,-16.977688
28/07/2026 12:05,202605,WESTERN EUROPE-EU,NETHERLANDS,BIRMINGHAM,AMSTERDAM,49576,49576,0,49838,49838,0,-0.525703
28/07/2026 12:05,202605,WESTERN EUROPE-EU,NETHERLANDS,BRISTOL,AMSTERDAM,38336,38336,0,40244,40244,0,-4.741079
28/07/2026 12:05,202605,WESTERN EUROPE-EU,NETHERLANDS,CARDIFF WALES,AMSTERDAM,8967,8967,0,8577,8577,0,4.547044
28/07/2026 12:05,202605,WESTERN EUROPE-EU,NETHERLANDS,EDINBURGH,AMSTERDAM,67571,67571,0,61155,61155,0,10.491374
28/07/2026 12:05,202605,WESTERN EUROPE-EU,NETHERLANDS,EXETER,AMSTERDAM,4420,4420,0,4164,4164,0,6.147935
28/07/2026 12:05,202605,WESTERN EUROPE-EU,NETHERLANDS,GLASGOW,AMSTERDAM,38400,38400,0,36628,36628,0,4.837829
28/07/2026 12:05,202605,WESTERN EUROPE-EU,NETHERLANDS,GUERNSEY,GRONINGEN,627,627,0,382,382,0,64.136126
28/07/2026 12:05,202605,WESTERN EUROPE-EU,NETHERLANDS,GUERNSEY,ROTTERDAM,0,0,0,253,253,0,-100
28/07/2026 12:05,202605,WESTERN EUROPE-EU,NETHERLANDS,HUMBERSIDE,AMSTERDAM,10362,10362,0,10995,10995,0,-5.757162
28/07/2026 12:05,202605,WESTERN EUROPE-EU,NETHERLANDS,INVERNESS,AMSTERDAM,10398,10398,0,11500,11486,14,-9.582609
28/07/2026 12:05,202605,WESTERN EUROPE-EU,NETHERLANDS,JERSEY,AMSTERDAM,661,661,0,0,0,0,0
28/07/2026 12:05,202605,WESTERN EUROPE-EU,NETHERLANDS,JERSEY,ROTTERDAM,0,0,0,128,128,0,-100
28/07/2026 12:05,202605,WESTERN EUROPE-EU,NETHERLANDS,LEEDS BRADFORD,AMSTERDAM,16995,16995,0,14418,14418,0,17.873491
28/07/2026 12:05,202605,WESTERN EUROPE-EU,NETHERLANDS,LIVERPOOL (JOHN LENNON),AMSTERDAM,5798,5798,0,8133,8133,0,-28.710193
28/07/2026 12:05,202605,WESTERN EUROPE-EU,NETHERLANDS,MANCHESTER,AMSTERDAM,90901,90901,0,90926,90926,0,-0.027495
28/07/2026 12:05,202605,WESTERN EUROPE-EU,NETHERLANDS,MANCHESTER,EINDHOVEN,4419,4419,0,4355,4355,0,1.469575
28/07/2026 12:05,202605,WESTERN EUROPE-EU,NETHERLANDS,NEWCASTLE,AMSTERDAM,34197,34197,0,38140,38140,0,-10.338228
28/07/2026 12:05,202605,WESTERN EUROPE-EU,NETHERLANDS,NORWICH,AMSTERDAM,11337,11337,0,11367,0,11367,-0.263922
28/07/2026 12:05,202605,WESTERN EUROPE-EU,NETHERLANDS,SOUTHAMPTON,AMSTERDAM,8116,8116,0,11244,11244,0,-27.819281
28/07/2026 12:05,202605,WESTERN EUROPE-EU,NETHERLANDS,TEESSIDE INTERNATIONAL AIRPORT,AMSTERDAM,7585,7585,0,9261,9261,0,-18.097398
28/07/2026 12:05,202605,WESTERN EUROPE-EU,PORTUGAL(EXCLUDING MADEIRA),GATWICK,FARO,89031,89031,0,84018,81028,2990,5.966579
28/07/2026 12:05,202605,WESTERN EUROPE-EU,PORTUGAL(EXCLUDING MADEIRA),GATWICK,LISBON,41710,41710,0,45681,45681,0,-8.692892
28/07/2026 12:05,202605,WESTERN EUROPE-EU,PORTUGAL(EXCLUDING MADEIRA),GATWICK,OPORTO (PORTUGAL),50823,50823,0,47124,47124,0,7.849503
28/07/2026 12:05,202605,WESTERN EUROPE-EU,PORTUGAL(EXCLUDING MADEIRA),HEATHROW,AZORES LAJES TERCEIRA ISLAND,21,21,0,0,0,0,0
28/07/2026 12:05,202605,WESTERN EUROPE-EU,PORTUGAL(EXCLUDING MADEIRA),HEATHROW,AZORES PONTA DELGADA,1998,1998,0,1725,1725,0,15.826087
28/07/2026 12:05,202605,WESTERN EUROPE-EU,PORTUGAL(EXCLUDING MADEIRA),HEATHROW,FARO,25680,25680,0,21311,21311,0,20.50115
28/07/2026 12:05,202605,WESTERN EUROPE-EU,PORTUGAL(EXCLUDING MADEIRA),HEATHROW,LISBON,101199,101199,0,107554,107554,0,-5.90866
28/07/2026 12:05,202605,WESTERN EUROPE-EU,PORTUGAL(EXCLUDING MADEIRA),LONDON CITY,FARO,1522,1522,0,1494,1494,0,1.874163
28/07/2026 12:05,202605,WESTERN EUROPE-EU,PORTUGAL(EXCLUDING MADEIRA),LUTON,FARO,36671,36671,0,37250,37250,0,-1.554362
28/07/2026 12:05,202605,WESTERN EUROPE-EU,PORTUGAL(EXCLUDING MADEIRA),LUTON,LISBON,29195,29195,0,29469,29469,0,-0.929791
28/07/2026 12:05,202605,WESTERN EUROPE-EU,PORTUGAL(EXCLUDING MADEIRA),LUTON,OPORTO (PORTUGAL),7399,7399,0,4080,4080,0,81.348039
28/07/2026 12:05,202605,WESTERN EUROPE-EU,PORTUGAL(EXCLUDING MADEIRA),SOUTHEND,FARO,5036,5036,0,2419,2419,0,108.1852
28/07/2026 12:05,202605,WESTERN EUROPE-EU,PORTUGAL(EXCLUDING MADEIRA),STANSTED,AZORES PONTA DELGADA,0,0,0,1252,1252,0,-100
28/07/2026 12:05,202605,WESTERN EUROPE-EU,PORTUGAL(EXCLUDING MADEIRA),STANSTED,FARO,44834,44769,65,42628,42628,0,5.175002
28/07/2026 12:05,202605,WESTERN EUROPE-EU,PORTUGAL(EXCLUDING MADEIRA),STANSTED,LISBON,38735,38735,0,36066,36066,0,7.400322
28/07/2026 12:05,202605,WESTERN EUROPE-EU,PORTUGAL(EXCLUDING MADEIRA),STANSTED,OPORTO (PORTUGAL),36259,36259,0,31298,31298,0,15.850853
28/07/2026 12:05,202605,WESTERN EUROPE-EU,PORTUGAL(EXCLUDING MADEIRA),ABERDEEN,FARO,4316,4316,0,3226,3226,0,33.787973
28/07/2026 12:05,202605,WESTERN EUROPE-EU,PORTUGAL(EXCLUDING MADEIRA),BELFAST INTERNATIONAL,FARO,33042,33042,0,28092,28092,0,17.620675
28/07/2026 12:05,202605,WESTERN EUROPE-EU,PORTUGAL(EXCLUDING MADEIRA),BELFAST INTERNATIONAL,OPORTO (PORTUGAL),3232,3232,0,3160,3160,0,2.278481
28/07/2026 12:05,202605,WESTERN EUROPE-EU,PORTUGAL(EXCLUDING MADEIRA),BIGGIN HILL,FARO,2,0,2,0,0,0,0
28/07/2026 12:05,202605,WESTERN EUROPE-EU,PORTUGAL(EXCLUDING MADEIRA),BIGGIN HILL,LISBON,0,0,0,5,0,5,-100
28/07/2026 12:05,202605,WESTERN EUROPE-EU,PORTUGAL(EXCLUDING MADEIRA),BIRMINGHAM,FARO,34361,34361,0,33639,30827,2812,2.146318
28/07/2026 12:05,202605,WESTERN EUROPE-EU,PORTUGAL(EXCLUDING MADEIRA),BIRMINGHAM,LISBON,9014,9014,0,6278,6278,0,43.580758
28/07/2026 12:05,202605,WESTERN EUROPE-EU,PORTUGAL(EXCLUDING MADEIRA),BIRMINGHAM,OPORTO (PORTUGAL),9242,9242,0,7725,7725,0,19.63754
28/07/2026 12:05,202605,WESTERN EUROPE-EU,PORTUGAL(EXCLUDING MADEIRA),BOURNEMOUTH,FARO,12994,12994,0,9597,9597,0,35.396478
28/07/2026 12:05,202605,WESTERN EUROPE-EU,PORTUGAL(EXCLUDING MADEIRA),BRISTOL,FARO,42116,42116,0,42986,42986,0,-2.023915
28/07/2026 12:05,202605,WESTERN EUROPE-EU,PORTUGAL(EXCLUDING MADEIRA),BRISTOL,LISBON,15478,15478,0,14494,14494,0,6.789016
28/07/2026 12:05,202605,WESTERN EUROPE-EU,PORTUGAL(EXCLUDING MADEIRA),BRISTOL,OPORTO (PORTUGAL),12002,12002,0,12161,12161,0,-1.307458
28/07/2026 12:05,202605,WESTERN EUROPE-EU,PORTUGAL(EXCLUDING MADEIRA),CARDIFF WALES,FARO,5661,4658,1003,3050,3050,0,85.606557
28/07/2026 12:05,202605,WESTERN EUROPE-EU,PORTUGAL(EXCLUDING MADEIRA),EAST MIDLANDS INTERNATIONAL,FARO,24684,23026,1658,25894,22694,3200,-4.672897
28/07/2026 12:05,202605,WESTERN EUROPE-EU,PORTUGAL(EXCLUDING MADEIRA),EDINBURGH,FARO,22787,22787,0,20700,20700,0,10.082126
28/07/2026 12:05,202605,WESTERN EUROPE-EU,PORTUGAL(EXCLUDING MADEIRA),EDINBURGH,LISBON,12666,12666,0,9485,9485,0,33.537164
28/07/2026 12:05,202605,WESTERN EUROPE-EU,PORTUGAL(EXCLUDING MADEIRA),EDINBURGH,OPORTO (PORTUGAL),6739,6739,0,6240,6240,0,7.996795
28/07/2026 12:05,202605,WESTERN EUROPE-EU,PORTUGAL(EXCLUDING MADEIRA),EXETER,FARO,2781,2781,0,2749,2749,0,1.16406
28/07/2026 12:05,202605,WESTERN EUROPE-EU,PORTUGAL(EXCLUDING MADEIRA),GLASGOW,FARO,18188,18188,0,15805,15805,0,15.077507
28/07/2026 12:05,202605,WESTERN EUROPE-EU,PORTUGAL(EXCLUDING MADEIRA),GLASGOW,LISBON,2778,2778,0,0,0,0,0
28/07/2026 12:05,202605,WESTERN EUROPE-EU,PORTUGAL(EXCLUDING MADEIRA),GLASGOW,OPORTO (PORTUGAL),2898,2898,0,2923,2923,0,-0.855286
28/07/2026 12:05,202605,WESTERN EUROPE-EU,PORTUGAL(EXCLUDING MADEIRA),GUERNSEY,OPORTO (PORTUGAL),0,0,0,210,210,0,-100
28/07/2026 12:05,202605,WESTERN EUROPE-EU,PORTUGAL(EXCLUDING MADEIRA),ISLE OF MAN,FARO,572,0,572,596,0,596,-4.026846
28/07/2026 12:05,202605,WESTERN EUROPE-EU,PORTUGAL(EXCLUDING MADEIRA),JERSEY,FARO,437,0,437,319,0,319,36.990596
28/07/2026 12:05,202605,WESTERN EUROPE-EU,PORTUGAL(EXCLUDING MADEIRA),LEEDS BRADFORD,FARO,23755,23755,0,21460,21460,0,10.694315
28/07/2026 12:05,202605,WESTERN EUROPE-EU,PORTUGAL(EXCLUDING MADEIRA),LEEDS BRADFORD,OPORTO (PORTUGAL),2979,2979,0,3227,3227,0,-7.685156
28/07/2026 12:05,202605,WESTERN EUROPE-EU,PORTUGAL(EXCLUDING MADEIRA),LIVERPOOL (JOHN LENNON),FARO,29252,29252,0,28364,28364,0,3.130729
28/07/2026 12:05,202605,WESTERN EUROPE-EU,PORTUGAL(EXCLUDING MADEIRA),LIVERPOOL (JOHN LENNON),LISBON,2610,2610,0,30,0,30,8600
28/07/2026 12:05,202605,WESTERN EUROPE-EU,PORTUGAL(EXCLUDING MADEIRA),LIVERPOOL (JOHN LENNON),OPORTO (PORTUGAL),3024,3024,0,3531,3531,0,-14.358539
28/07/2026 12:05,202605,WESTERN EUROPE-EU,PORTUGAL(EXCLUDING MADEIRA),MANCHESTER,FARO,57846,57846,0,53288,50329,2959,8.55352
28/07/2026 12:05,202605,WESTERN EUROPE-EU,PORTUGAL(EXCLUDING MADEIRA),MANCHESTER,LISBON,30483,30483,0,30966,30966,0,-1.559775
28/07/2026 12:05,202605,WESTERN EUROPE-EU,PORTUGAL(EXCLUDING MADEIRA),MANCHESTER,OPORTO (PORTUGAL),20152,20152,0,16757,16757,0,20.26019
28/07/2026 12:05,202605,WESTERN EUROPE-EU,PORTUGAL(EXCLUDING MADEIRA),NEWCASTLE,FARO,21552,21552,0,14833,14833,0,45.297647
28/07/2026 12:05,202605,WESTERN EUROPE-EU,PORTUGAL(EXCLUDING MADEIRA),NEWCASTLE,OPORTO (PORTUGAL),936,936,0,0,0,0,0
28/07/2026 12:05,202605,WESTERN EUROPE-EU,PORTUGAL(EXCLUDING MADEIRA),NEWQUAY,FARO,5840,5840,0,4109,4109,0,42.127038
28/07/2026 12:05,202605,WESTERN EUROPE-EU,PORTUGAL(EXCLUDING MADEIRA),NORWICH,FARO,4035,4035,0,3246,0,3246,24.306839
28/07/2026 12:05,202605,WESTERN EUROPE-EU,PORTUGAL(EXCLUDING MADEIRA),PRESTWICK,FARO,6311,6311,0,6316,6316,0,-0.079164
28/07/2026 12:05,202605,WESTERN EUROPE-EU,PORTUGAL(EXCLUDING MADEIRA),SOUTHAMPTON,FARO,2964,2964,0,1555,1555,0,90.610932
28/07/2026 12:05,202605,WESTERN EUROPE-EU,PORTUGAL(EXCLUDING MADEIRA),TEESSIDE INTERNATIONAL AIRPORT,FARO,2561,2561,0,3193,3193,0,-19.793298
28/07/2026 12:05,202605,WESTERN EUROPE-EU,PORTUGAL(MADEIRA),GATWICK,FUNCHAL,27084,27084,0,25604,25604,0,5.780347
28/07/2026 12:05,202605,WESTERN EUROPE-EU,PORTUGAL(MADEIRA),LUTON,FUNCHAL,5042,5042,0,1279,1279,0,294.21423
28/07/2026 12:05,202605,WESTERN EUROPE-EU,PORTUGAL(MADEIRA),STANSTED,FUNCHAL,10443,10443,0,9308,9308,0,12.193812
28/07/2026 12:05,202605,WESTERN EUROPE-EU,PORTUGAL(MADEIRA),BIRMINGHAM,FUNCHAL,2687,2687,0,5549,2641,2908,-51.576861
28/07/2026 12:05,202605,WESTERN EUROPE-EU,PORTUGAL(MADEIRA),BOURNEMOUTH,FUNCHAL,1156,1156,0,1339,1339,0,-13.666916
28/07/2026 12:05,202605,WESTERN EUROPE-EU,PORTUGAL(MADEIRA),BRISTOL,FUNCHAL,6361,6361,0,5703,5703,0,11.537787
28/07/2026 12:05,202605,WESTERN EUROPE-EU,PORTUGAL(MADEIRA),EAST MIDLANDS INTERNATIONAL,FUNCHAL,1184,1184,0,968,968,0,22.31405
28/07/2026 12:05,202605,WESTERN EUROPE-EU,PORTUGAL(MADEIRA),EDINBURGH,FUNCHAL,4096,4096,0,3789,3789,0,8.102402
28/07/2026 12:05,202605,WESTERN EUROPE-EU,PORTUGAL(MADEIRA),GLASGOW,FUNCHAL,1067,1067,0,1156,1156,0,-7.698962
28/07/2026 12:05,202605,WESTERN EUROPE-EU,PORTUGAL(MADEIRA),LEEDS BRADFORD,FUNCHAL,1637,1637,0,1199,1199,0,36.530442
28/07/2026 12:05,202605,WESTERN EUROPE-EU,PORTUGAL(MADEIRA),LIVERPOOL (JOHN LENNON),FUNCHAL,1191,1191,0,1099,1099,0,8.371247
28/07/2026 12:05,202605,WESTERN EUROPE-EU,PORTUGAL(MADEIRA),MANCHESTER,FUNCHAL,12306,12306,0,15044,12316,2728,-18.199947
28/07/2026 12:05,202605,WESTERN EUROPE-EU,PORTUGAL(MADEIRA),NEWCASTLE,FUNCHAL,1125,1125,0,1104,1104,0,1.902174
28/07/2026 12:05,202605,WESTERN EUROPE-EU,SLOVENIA,GATWICK,LJUBLJANA,10350,10350,0,8506,8506,0,21.678815
28/07/2026 12:05,202605,WESTERN EUROPE-EU,SLOVENIA,HEATHROW,LJUBLJANA,9438,9438,0,8438,8438,0,11.85115
28/07/2026 12:05,202605,WESTERN EUROPE-EU,SLOVENIA,EDINBURGH,LJUBLJANA,2693,2693,0,0,0,0,0
28/07/2026 12:05,202605,WESTERN EUROPE-EU,SLOVENIA,MANCHESTER,LJUBLJANA,2940,2940,0,0,0,0,0
28/07/2026 12:05,202605,WESTERN EUROPE-EU,SPAIN,GATWICK,A CORUNA,0,0,0,4048,4048,0,-100
28/07/2026 12:05,202605,WESTERN EUROPE-EU,SPAIN,GATWICK,ALICANTE,84680,82015,2665,81357,78146,3211,4.084467
28/07/2026 12:05,202605,WESTERN EUROPE-EU,SPAIN,GATWICK,ALMERIA,6628,6517,111,4530,4530,0,46.313466
28/07/2026 12:05,202605,WESTERN EUROPE-EU,SPAIN,GATWICK,ASTURIAS,4158,4158,0,7927,7927,0,-47.546361
28/07/2026 12:05,202605,WESTERN EUROPE-EU,SPAIN,GATWICK,BARCELONA,114198,113105,1093,109716,109716,0,4.085092
28/07/2026 12:05,202605,WESTERN EUROPE-EU,SPAIN,GATWICK,BILBAO,29811,29811,0,31306,31306,0,-4.775442
28/07/2026 12:05,202605,WESTERN EUROPE-EU,SPAIN,GATWICK,GIRONA,3180,1699,1481,1571,0,1571,102.418842
28/07/2026 12:05,202605,WESTERN EUROPE-EU,SPAIN,GATWICK,IBIZA,36481,30967,5514,36927,30824,6103,-1.207788
28/07/2026 12:05,202605,WESTERN EUROPE-EU,SPAIN,GATWICK,JEREZ,1608,0,1608,1603,0,1603,0.311915
28/07/2026 12:05,202605,WESTERN EUROPE-EU,SPAIN,GATWICK,LEON,0,0,0,154,0,154,-100
28/07/2026 12:05,202605,WESTERN EUROPE-EU,SPAIN,GATWICK,MADRID,55570,55570,0,55973,55973,0,-0.71999
28/07/2026 12:05,202605,WESTERN EUROPE-EU,SPAIN,GATWICK,MAHON,28502,24540,3962,24358,21028,3330,17.012891
28/07/2026 12:05,202605,WESTERN EUROPE-EU,SPAIN,GATWICK,MALAGA,120601,116799,3802,120492,116445,4047,0.090462
28/07/2026 12:05,202605,WESTERN EUROPE-EU,SPAIN,GATWICK,MURCIA INTERNATIONAL,9432,9432,0,10011,10011,0,-5.783638
28/07/2026 12:05,202605,WESTERN EUROPE-EU,SPAIN,GATWICK,PALMA DE MALLORCA,88903,74601,14302,79747,65193,14554,11.48131
28/07/2026 12:05,202605,WESTERN EUROPE-EU,SPAIN,GATWICK,REUS,6817,3488,3329,3263,0,3263,108.918173
28/07/2026 12:05,202605,WESTERN EUROPE-EU,SPAIN,GATWICK,SANTIAGO DE COMPOSTELA (SPAIN),1177,1177,0,6132,6132,0,-80.80561
28/07/2026 12:05,202605,WESTERN EUROPE-EU,SPAIN,GATWICK,SEVILLE,45860,45860,0,47078,47078,0,-2.587196
28/07/2026 12:05,202605,WESTERN EUROPE-EU,SPAIN,GATWICK,VALENCIA,41478,41478,0,23572,23572,0,75.963007
28/07/2026 12:05,202605,WESTERN EUROPE-EU,SPAIN,GATWICK,VALLADOLID,0,0,0,487,0,487,-100
28/07/2026 12:05,202605,WESTERN EUROPE-EU,SPAIN,GATWICK,VITORIA,0,0,0,355,0,355,-100
28/07/2026 12:05,202605,WESTERN EUROPE-EU,SPAIN,HEATHROW,A CORUNA,8864,8864,0,0,0,0,0
28/07/2026 12:05,202605,WESTERN EUROPE-EU,SPAIN,HEATHROW,BARCELONA,83589,83589,0,86326,86326,0,-3.17054
28/07/2026 12:05,202605,WESTERN EUROPE-EU,SPAIN,HEATHROW,BILBAO,9001,9001,0,10340,10340,0,-12.94971
28/07/2026 12:05,202605,WESTERN EUROPE-EU,SPAIN,HEATHROW,IBIZA,15414,15414,0,14577,14577,0,5.741922
28/07/2026 12:05,202605,WESTERN EUROPE-EU,SPAIN,HEATHROW,MADRID,125114,125050,64,126893,126893,0,-1.401969
28/07/2026 12:05,202605,WESTERN EUROPE-EU,SPAIN,HEATHROW,MALAGA,21137,21137,0,25408,25408,0,-16.809666
28/07/2026 12:05,202605,WESTERN EUROPE-EU,SPAIN,HEATHROW,PALMA DE MALLORCA,26006,26006,0,24595,24595,0,5.736938
28/07/2026 12:05,202605,WESTERN EUROPE-EU,SPAIN,HEATHROW,SANTIAGO DE COMPOSTELA (SPAIN),1190,1190,0,8816,8816,0,-86.501815
28/07/2026 12:05,202605,WESTERN EUROPE-EU,SPAIN,HEATHROW,SEVILLE,10171,10171,0,0,0,0,0
28/07/2026 12:05,202605,WESTERN EUROPE-EU,SPAIN,HEATHROW,VALENCIA,13217,13217,0,14239,14239,0,-7.17747
28/07/2026 12:05,202605,WESTERN EUROPE-EU,SPAIN,LONDON CITY,BARCELONA,2221,2221,0,3001,3001,0,-25.991336
28/07/2026 12:05,202605,WESTERN EUROPE-EU,SPAIN,LONDON CITY,IBIZA,8829,8829,0,9449,9449,0,-6.561541
28/07/2026 12:05,202605,WESTERN EUROPE-EU,SPAIN,LONDON CITY,MADRID,7168,7168,0,0,0,0,0
28/07/2026 12:05,202605,WESTERN EUROPE-EU,SPAIN,LONDON CITY,MALAGA,3884,3884,0,5024,5024,0,-22.691083
28/07/2026 12:05,202605,WESTERN EUROPE-EU,SPAIN,LONDON CITY,PALMA DE MALLORCA,6335,6335,0,5658,5658,0,11.965359
28/07/2026 12:05,202605,WESTERN EUROPE-EU,SPAIN,LONDON CITY,SAN SEBASTIAN,2839,2723,116,2344,2168,176,21.117747
28/07/2026 12:05,202605,WESTERN EUROPE-EU,SPAIN,LUTON,ALICANTE,43137,43137,0,34838,34838,0,23.821689
28/07/2026 12:05,202605,WESTERN EUROPE-EU,SPAIN,LUTON,ALMERIA,2355,2355,0,1946,1946,0,21.017472
28/07/2026 12:05,202605,WESTERN EUROPE-EU,SPAIN,LUTON,BARCELONA,55982,55982,0,29972,29972,0,86.780996
28/07/2026 12:05,202605,WESTERN EUROPE-EU,SPAIN,LUTON,BILBAO,7269,7269,0,0,0,0,0
28/07/2026 12:05,202605,WESTERN EUROPE-EU,SPAIN,LUTON,GIRONA,1202,1202,0,0,0,0,0
28/07/2026 12:05,202605,WESTERN EUROPE-EU,SPAIN,LUTON,IBIZA,9968,9968,0,6928,6928,0,43.879908
28/07/2026 12:05,202605,WESTERN EUROPE-EU,SPAIN,LUTON,MADRID,21721,21158,563,144,144,0,14984.027778
28/07/2026 12:05,202605,WESTERN EUROPE-EU,SPAIN,LUTON,MAHON,8175,8175,0,5017,5017,0,62.945984
28/07/2026 12:05,202605,WESTERN EUROPE-EU,SPAIN,LUTON,MALAGA,40722,40722,0,40762,40762,0,-0.098131
28/07/2026 12:05,202605,WESTERN EUROPE-EU,SPAIN,LUTON,MURCIA INTERNATIONAL,9432,9432,0,10052,10052,0,-6.167927
28/07/2026 12:05,202605,WESTERN EUROPE-EU,SPAIN,LUTON,PALMA DE MALLORCA,54339,52770,1569,46200,42899,3301,17.616883
28/07/2026 12:05,202605,WESTERN EUROPE-EU,SPAIN,LUTON,REUS,3123,3123,0,3370,3370,0,-7.329377
28/07/2026 12:05,202605,WESTERN EUROPE-EU,SPAIN,LUTON,SEVILLE,10272,10272,0,2660,2660,0,286.165414
28/07/2026 12:05,202605,WESTERN EUROPE-EU,SPAIN,LUTON,VALENCIA,6997,6997,0,0,0,0,0
28/07/2026 12:05,202605,WESTERN EUROPE-EU,SPAIN,LUTON,VITORIA,0,0,0,736,0,736,-100
28/07/2026 12:05,202605,WESTERN EUROPE-EU,SPAIN,SOUTHEND,ALICANTE,6465,6465,0,6622,6622,0,-2.370885
28/07/2026 12:05,202605,WESTERN EUROPE-EU,SPAIN,SOUTHEND,ALMERIA,2638,2638,0,2734,2734,0,-3.511339
28/07/2026 12:05,202605,WESTERN EUROPE-EU,SPAIN,SOUTHEND,BARCELONA,3159,3159,0,0,0,0,0
28/07/2026 12:05,202605,WESTERN EUROPE-EU,SPAIN,SOUTHEND,IBIZA,2006,2006,0,0,0,0,0
28/07/2026 12:05,202605,WESTERN EUROPE-EU,SPAIN,SOUTHEND,MALAGA,9834,9834,0,10027,10027,0,-1.924803
28/07/2026 12:05,202605,WESTERN EUROPE-EU,SPAIN,SOUTHEND,PALMA DE MALLORCA,8931,8931,0,11728,11728,0,-23.848909
28/07/2026 12:05,202605,WESTERN EUROPE-EU,SPAIN,SOUTHEND,REUS,0,0,0,2161,2161,0,-100
28/07/2026 12:05,202605,WESTERN EUROPE-EU,SPAIN,SOUTHEND,VITORIA,0,0,0,1099,1099,0,-100
28/07/2026 12:05,202605,WESTERN EUROPE-EU,SPAIN,STANSTED,ALICANTE,48535,48535,0,48784,48784,0,-0.510413
28/07/2026 12:05,202605,WESTERN EUROPE-EU,SPAIN,STANSTED,ALMERIA,4412,4412,0,6972,6972,0,-36.718302
28/07/2026 12:05,202605,WESTERN EUROPE-EU,SPAIN,STANSTED,BARCELONA,42212,42212,0,42209,42209,0,0.007107
28/07/2026 12:05,202605,WESTERN EUROPE-EU,SPAIN,STANSTED,BILBAO,0,0,0,1245,0,1245,-100
28/07/2026 12:05,202605,WESTERN EUROPE-EU,SPAIN,STANSTED,CASTELLON COSTA AZAHAR,3920,3920,0,4198,4198,0,-6.622201
28/07/2026 12:05,202605,WESTERN EUROPE-EU,SPAIN,STANSTED,GIRONA,15872,15872,0,18739,18739,0,-15.299642
28/07/2026 12:05,202605,WESTERN EUROPE-EU,SPAIN,STANSTED,IBIZA,33883,32245,1638,31417,29610,1807,7.849254
28/07/2026 12:05,202605,WESTERN EUROPE-EU,SPAIN,STANSTED,JEREZ,2704,2704,0,0,0,0,0
28/07/2026 12:05,202605,WESTERN EUROPE-EU,SPAIN,STANSTED,MADRID,41881,41881,0,31978,31978,0,30.968166
28/07/2026 12:05,202605,WESTERN EUROPE-EU,SPAIN,STANSTED,MAHON,14751,12682,2069,14153,11402,2751,4.225253
28/07/2026 12:05,202605,WESTERN EUROPE-EU,SPAIN,STANSTED,MALAGA,44005,44005,0,40945,40945,0,7.47344
28/07/2026 12:05,202605,WESTERN EUROPE-EU,SPAIN,STANSTED,MURCIA INTERNATIONAL,12543,12543,0,14859,14859,0,-15.586513
28/07/2026 12:05,202605,WESTERN EUROPE-EU,SPAIN,STANSTED,PALMA DE MALLORCA,53425,49152,4273,52524,48125,4399,1.715406
28/07/2026 12:05,202605,WESTERN EUROPE-EU,SPAIN,STANSTED,REUS,13643,13643,0,13803,13803,0,-1.159168
28/07/2026 12:05,202605,WESTERN EUROPE-EU,SPAIN,STANSTED,SANTANDER,7225,7225,0,6978,6978,0,3.539696
28/07/2026 12:05,202605,WESTERN EUROPE-EU,SPAIN,STANSTED,SANTIAGO DE COMPOSTELA (SPAIN),681,681,0,11956,11956,0,-94.304115
28/07/2026 12:05,202605,WESTERN EUROPE-EU,SPAIN,STANSTED,SEVILLE,12709,12709,0,12797,12797,0,-0.687661
28/07/2026 12:05,202605,WESTERN EUROPE-EU,SPAIN,STANSTED,VALENCIA,21017,21017,0,19878,19878,0,5.729953
28/07/2026 12:05,202605,WESTERN EUROPE-EU,SPAIN,STANSTED,VIGO,0,0,0,4247,4247,0,-100
28/07/2026 12:05,202605,WESTERN EUROPE-EU,SPAIN,STANSTED,VITORIA,0,0,0,1864,655,1209,-100
28/07/2026 12:05,202605,WESTERN EUROPE-EU,SPAIN,STANSTED,ZARAGOZA,6132,6132,0,6266,6266,0,-2.138525
28/07/2026 12:05,202605,WESTERN EUROPE-EU,SPAIN,ABERDEEN,ALICANTE,5468,5468,0,2987,2987,0,83.059926
28/07/2026 12:05,202605,WESTERN EUROPE-EU,SPAIN,ABERDEEN,MALAGA,5051,5051,0,5193,5193,0,-2.73445
28/07/2026 12:05,202605,WESTERN EUROPE-EU,SPAIN,ABERDEEN,PALMA DE MALLORCA,3120,0,3120,3175,0,3175,-1.732283
28/07/2026 12:05,202605,WESTERN EUROPE-EU,SPAIN,ABERDEEN,REUS,1279,0,1279,193,0,193,562.694301
28/07/2026 12:05,202605,WESTERN EUROPE-EU,SPAIN,BELFAST CITY (GEORGE BEST),MADRID,0,0,0,2,0,2,-100
28/07/2026 12:05,202605,WESTERN EUROPE-EU,SPAIN,BELFAST CITY (GEORGE BEST),PALMA DE MALLORCA,1843,1843,0,0,0,0,0
28/07/2026 12:05,202605,WESTERN EUROPE-EU,SPAIN,BELFAST INTERNATIONAL,ALICANTE,30319,30319,0,27849,27849,0,8.869259
28/07/2026 12:05,202605,WESTERN EUROPE-EU,SPAIN,BELFAST INTERNATIONAL,BARCELONA,4940,4940,0,2266,2266,0,118.005296
28/07/2026 12:05,202605,WESTERN EUROPE-EU,SPAIN,BELFAST INTERNATIONAL,BILBAO,177,0,177,0,0,0,0
28/07/2026 12:05,202605,WESTERN EUROPE-EU,SPAIN,BELFAST INTERNATIONAL,GIRONA,4394,4394,0,3708,3708,0,18.500539
28/07/2026 12:05,202605,WESTERN EUROPE-EU,SPAIN,BELFAST INTERNATIONAL,IBIZA,6753,6753,0,4297,4297,0,57.156155
28/07/2026 12:05,202605,WESTERN EUROPE-EU,SPAIN,BELFAST INTERNATIONAL,MAHON,3769,3769,0,3860,3860,0,-2.357513
28/07/2026 12:05,202605,WESTERN EUROPE-EU,SPAIN,BELFAST INTERNATIONAL,MALAGA,28956,28956,0,28536,28536,0,1.471825
28/07/2026 12:05,202605,WESTERN EUROPE-EU,SPAIN,BELFAST INTERNATIONAL,PALMA DE MALLORCA,31717,29419,2298,28185,25777,2408,12.531488
28/07/2026 12:05,202605,WESTERN EUROPE-EU,SPAIN,BELFAST INTERNATIONAL,REUS,14118,10044,4074,12820,8713,4107,10.124805
28/07/2026 12:05,202605,WESTERN EUROPE-EU,SPAIN,BELFAST INTERNATIONAL,VALENCIA,0,0,0,2782,2782,0,-100
28/07/2026 12:05,202605,WESTERN EUROPE-EU,SPAIN,BELFAST INTERNATIONAL,VITORIA,177,0,177,0,0,0,0
28/07/2026 12:05,202605,WESTERN EUROPE-EU,SPAIN,BIGGIN HILL,BARCELONA,2,0,2,0,0,0,0
28/07/2026 12:05,202605,WESTERN EUROPE-EU,SPAIN,BIGGIN HILL,BILBAO,0,0,0,18,0,18,-100
28/07/2026 12:05,202605,WESTERN EUROPE-EU,SPAIN,BIGGIN HILL,GIRONA,0,0,0,74,0,74,-100
28/07/2026 12:05,202605,WESTERN EUROPE-EU,SPAIN,BIGGIN HILL,IBIZA,43,0,43,1,0,1,4200
28/07/2026 12:05,202605,WESTERN EUROPE-EU,SPAIN,BIGGIN HILL,MADRID,0,0,0,2,0,2,-100
28/07/2026 12:05,202605,WESTERN EUROPE-EU,SPAIN,BIGGIN HILL,MALAGA,0,0,0,14,0,14,-100
28/07/2026 12:05,202605,WESTERN EUROPE-EU,SPAIN,BIGGIN HILL,SEVILLE,5,0,5,0,0,0,0
28/07/2026 12:05,202605,WESTERN EUROPE-EU,SPAIN,BIRMINGHAM,ALICANTE,46161,42642,3519,43812,39804,4008,5.361545
28/07/2026 12:05,202605,WESTERN EUROPE-EU,SPAIN,BIRMINGHAM,ALMERIA,3388,3388,0,3349,3349,0,1.164527
28/07/2026 12:05,202605,WESTERN EUROPE-EU,SPAIN,BIRMINGHAM,BARCELONA,30593,30593,0,25405,25225,180,20.421177
28/07/2026 12:05,202605,WESTERN EUROPE-EU,SPAIN,BIRMINGHAM,GIRONA,8583,6905,1678,9878,8102,1776,-13.109941
28/07/2026 12:05,202605,WESTERN EUROPE-EU,SPAIN,BIRMINGHAM,IBIZA,18431,13623,4808,18663,13293,5370,-1.243101
28/07/2026 12:05,202605,WESTERN EUROPE-EU,SPAIN,BIRMINGHAM,JEREZ,2819,2819,0,1403,1403,0,100.926586
28/07/2026 12:05,202605,WESTERN EUROPE-EU,SPAIN,BIRMINGHAM,MADRID,9085,9085,0,6309,6309,0,44.000634
28/07/2026 12:05,202605,WESTERN EUROPE-EU,SPAIN,BIRMINGHAM,MAHON,12146,6860,5286,10109,5332,4777,20.150361
28/07/2026 12:05,202605,WESTERN EUROPE-EU,SPAIN,BIRMINGHAM,MALAGA,42205,38440,3765,34216,30461,3755,23.348726
28/07/2026 12:05,202605,WESTERN EUROPE-EU,SPAIN,BIRMINGHAM,MURCIA INTERNATIONAL,5883,5883,0,5613,5613,0,4.810262
28/07/2026 12:05,202605,WESTERN EUROPE-EU,SPAIN,BIRMINGHAM,PALMA DE MALLORCA,62383,48977,13406,58250,46637,11613,7.095279
28/07/2026 12:05,202605,WESTERN EUROPE-EU,SPAIN,BIRMINGHAM,REUS,11829,9043,2786,10830,7922,2908,9.224377
28/07/2026 12:05,202605,WESTERN EUROPE-EU,SPAIN,BIRMINGHAM,SANTANDER,1796,1796,0,2885,2885,0,-37.746967
28/07/2026 12:05,202605,WESTERN EUROPE-EU,SPAIN,BIRMINGHAM,SEVILLE,7702,7702,0,4347,4347,0,77.179664
28/07/2026 12:05,202605,WESTERN EUROPE-EU,SPAIN,BIRMINGHAM,VALENCIA,7553,7553,0,5614,5614,0,34.538653
28/07/2026 12:05,202605,WESTERN EUROPE-EU,SPAIN,BOURNEMOUTH,ALICANTE,15421,15421,0,11802,11802,0,30.664294
28/07/2026 12:05,202605,WESTERN EUROPE-EU,SPAIN,BOURNEMOUTH,GIRONA,4600,4600,0,5403,5403,0,-14.862114
28/07/2026 12:05,202605,WESTERN EUROPE-EU,SPAIN,BOURNEMOUTH,IBIZA,3404,2746,658,3169,2472,697,7.415589
28/07/2026 12:05,202605,WESTERN EUROPE-EU,SPAIN,BOURNEMOUTH,MAHON,3267,1519,1748,2627,1148,1479,24.362391
28/07/2026 12:05,202605,WESTERN EUROPE-EU,SPAIN,BOURNEMOUTH,MALAGA,13973,13973,0,11519,11519,0,21.303933
28/07/2026 12:05,202605,WESTERN EUROPE-EU,SPAIN,BOURNEMOUTH,MURCIA INTERNATIONAL,3835,3835,0,5000,5000,0,-23.3
28/07/2026 12:05,202605,WESTERN EUROPE-EU,SPAIN,BOURNEMOUTH,PALMA DE MALLORCA,27530,21210,6320,26064,19373,6691,5.624616
28/07/2026 12:05,202605,WESTERN EUROPE-EU,SPAIN,BRISTOL,ALICANTE,49956,49956,0,48785,48785,0,2.400328
28/07/2026 12:05,202605,WESTERN EUROPE-EU,SPAIN,BRISTOL,ALMERIA,4051,4051,0,214,214,0,1792.990654
28/07/2026 12:05,202605,WESTERN EUROPE-EU,SPAIN,BRISTOL,BARCELONA,29362,29362,0,28176,28176,0,4.209256
28/07/2026 12:05,202605,WESTERN EUROPE-EU,SPAIN,BRISTOL,BILBAO,3998,3998,0,2989,2989,0,33.757109
28/07/2026 12:05,202605,WESTERN EUROPE-EU,SPAIN,BRISTOL,GIRONA,6561,6561,0,5454,5454,0,20.29703
28/07/2026 12:05,202605,WESTERN EUROPE-EU,SPAIN,BRISTOL,IBIZA,18028,14764,3264,16344,13096,3248,10.303475
28/07/2026 12:05,202605,WESTERN EUROPE-EU,SPAIN,BRISTOL,MADRID,15035,15035,0,13890,13890,0,8.243341
28/07/2026 12:05,202605,WESTERN EUROPE-EU,SPAIN,BRISTOL,MAHON,12280,9296,2984,12457,9476,2981,-1.420888
28/07/2026 12:05,202605,WESTERN EUROPE-EU,SPAIN,BRISTOL,MALAGA,45118,43979,1139,45190,42667,2523,-0.159327
28/07/2026 12:05,202605,WESTERN EUROPE-EU,SPAIN,BRISTOL,MURCIA INTERNATIONAL,5970,5970,0,6164,6164,0,-3.147307
28/07/2026 12:05,202605,WESTERN EUROPE-EU,SPAIN,BRISTOL,PALMA DE MALLORCA,68096,59555,8541,69483,61376,8107,-1.996172
28/07/2026 12:05,202605,WESTERN EUROPE-EU,SPAIN,BRISTOL,REUS,4474,2632,1842,4484,2643,1841,-0.223015
28/07/2026 12:05,202605,WESTERN EUROPE-EU,SPAIN,BRISTOL,SEVILLE,2793,2793,0,0,0,0,0
28/07/2026 12:05,202605,WESTERN EUROPE-EU,SPAIN,BRISTOL,VALENCIA,3712,3712,0,2745,2745,0,35.227687
28/07/2026 12:05,202605,WESTERN EUROPE-EU,SPAIN,CARDIFF WALES,ALICANTE,13414,10134,3280,11652,8317,3335,15.121867
28/07/2026 12:05,202605,WESTERN EUROPE-EU,SPAIN,CARDIFF WALES,IBIZA,1892,0,1892,743,0,743,154.643338
28/07/2026 12:05,202605,WESTERN EUROPE-EU,SPAIN,CARDIFF WALES,MAHON,2967,0,2967,3029,0,3029,-2.04688
28/07/2026 12:05,202605,WESTERN EUROPE-EU,SPAIN,CARDIFF WALES,MALAGA,13206,9956,3250,11759,8919,2840,12.305468
28/07/2026 12:05,202605,WESTERN EUROPE-EU,SPAIN,CARDIFF WALES,PALMA DE MALLORCA,7041,0,7041,4420,0,4420,59.298643
28/07/2026 12:05,202605,WESTERN EUROPE-EU,SPAIN,CARDIFF WALES,REUS,178,0,178,189,0,189,-5.820106
28/07/2026 12:05,202605,WESTERN EUROPE-EU,SPAIN,EAST MIDLANDS INTERNATIONAL,ALICANTE,41662,37834,3828,39972,36071,3901,4.22796
28/07/2026 12:05,202605,WESTERN EUROPE-EU,SPAIN,EAST MIDLANDS INTERNATIONAL,BARCELONA,10576,10576,0,11964,11964,0,-11.601471
28/07/2026 12:05,202605,WESTERN EUROPE-EU,SPAIN,EAST MIDLANDS INTERNATIONAL,GIRONA,7821,7821,0,6258,6258,0,24.976031
28/07/2026 12:05,202605,WESTERN EUROPE-EU,SPAIN,EAST MIDLANDS INTERNATIONAL,IBIZA,11282,6630,4652,11215,7552,3663,0.597414
28/07/2026 12:05,202605,WESTERN EUROPE-EU,SPAIN,EAST MIDLANDS INTERNATIONAL,MAHON,9310,6923,2387,10647,7161,3486,-12.557528
28/07/2026 12:05,202605,WESTERN EUROPE-EU,SPAIN,EAST MIDLANDS INTERNATIONAL,MALAGA,31887,28722,3165,31640,28360,3280,0.780657
28/07/2026 12:05,202605,WESTERN EUROPE-EU,SPAIN,EAST MIDLANDS INTERNATIONAL,MURCIA INTERNATIONAL,7635,7635,0,6112,6112,0,24.918194
28/07/2026 12:05,202605,WESTERN EUROPE-EU,SPAIN,EAST MIDLANDS INTERNATIONAL,PALMA DE MALLORCA,43640,34007,9633,39487,32231,7256,10.517385
28/07/2026 12:05,202605,WESTERN EUROPE-EU,SPAIN,EAST MIDLANDS INTERNATIONAL,REUS,6985,6985,0,6919,6919,0,0.953895
28/07/2026 12:05,202605,WESTERN EUROPE-EU,SPAIN,EAST MIDLANDS INTERNATIONAL,VALENCIA,2663,2663,0,2847,2847,0,-6.462943
28/07/2026 12:05,202605,WESTERN EUROPE-EU,SPAIN,EDINBURGH,ALICANTE,27072,27072,0,24210,24210,0,11.821561
28/07/2026 12:05,202605,WESTERN EUROPE-EU,SPAIN,EDINBURGH,BARCELONA,28960,28629,331,26013,25672,341,11.328951
28/07/2026 12:05,202605,WESTERN EUROPE-EU,SPAIN,EDINBURGH,BILBAO,2144,2060,84,0,0,0,0
28/07/2026 12:05,202605,WESTERN EUROPE-EU,SPAIN,EDINBURGH,GIRONA,1417,1417,0,0,0,0,0
28/07/2026 12:05,202605,WESTERN EUROPE-EU,SPAIN,EDINBURGH,IBIZA,6850,6850,0,7926,7926,0,-13.575574
28/07/2026 12:05,202605,WESTERN EUROPE-EU,SPAIN,EDINBURGH,MADRID,22152,21874,278,20723,20167,556,6.89572
28/07/2026 12:05,202605,WESTERN EUROPE-EU,SPAIN,EDINBURGH,MAHON,3300,3300,0,2792,2792,0,18.194842
28/07/2026 12:05,202605,WESTERN EUROPE-EU,SPAIN,EDINBURGH,MALAGA,22771,22656,115,19038,18859,179,19.608152
28/07/2026 12:05,202605,WESTERN EUROPE-EU,SPAIN,EDINBURGH,PALMA DE MALLORCA,34931,32422,2509,36466,34157,2309,-4.209401
28/07/2026 12:05,202605,WESTERN EUROPE-EU,SPAIN,EDINBURGH,REUS,3283,3283,0,2651,2651,0,23.84006
28/07/2026 12:05,202605,WESTERN EUROPE-EU,SPAIN,EDINBURGH,SAN SEBASTIAN,411,411,0,344,344,0,19.476744
28/07/2026 12:05,202605,WESTERN EUROPE-EU,SPAIN,EDINBURGH,SANTANDER,2847,2847,0,4601,4601,0,-38.122147
28/07/2026 12:05,202605,WESTERN EUROPE-EU,SPAIN,EDINBURGH,SEVILLE,3243,3243,0,3252,3252,0,-0.276753
28/07/2026 12:05,202605,WESTERN EUROPE-EU,SPAIN,EDINBURGH,VALENCIA,4298,4298,0,3227,3227,0,33.18872
28/07/2026 12:05,202605,WESTERN EUROPE-EU,SPAIN,EXETER,ALICANTE,5827,5827,0,6024,6024,0,-3.270252
28/07/2026 12:05,202605,WESTERN EUROPE-EU,SPAIN,EXETER,IBIZA,523,0,523,572,0,572,-8.566434
28/07/2026 12:05,202605,WESTERN EUROPE-EU,SPAIN,EXETER,MAHON,1810,0,1810,1837,0,1837,-1.469788
28/07/2026 12:05,202605,WESTERN EUROPE-EU,SPAIN,EXETER,MALAGA,4577,4577,0,3132,3132,0,46.136654
28/07/2026 12:05,202605,WESTERN EUROPE-EU,SPAIN,EXETER,PALMA DE MALLORCA,8650,3021,5629,7812,3074,4738,10.727087
28/07/2026 12:05,202605,WESTERN EUROPE-EU,SPAIN,GLASGOW,ALICANTE,26859,23900,2959,26270,22972,3298,2.242101
28/07/2026 12:05,202605,WESTERN EUROPE-EU,SPAIN,GLASGOW,BARCELONA,7443,7443,0,5938,5938,0,25.345234
28/07/2026 12:05,202605,WESTERN EUROPE-EU,SPAIN,GLASGOW,GIRONA,2039,2039,0,1076,1076,0,89.498141
28/07/2026 12:05,202605,WESTERN EUROPE-EU,SPAIN,GLASGOW,IBIZA,12476,9166,3310,11743,8622,3121,6.242017
28/07/2026 12:05,202605,WESTERN EUROPE-EU,SPAIN,GLASGOW,MAHON,4807,4300,507,4843,4366,477,-0.743341
28/07/2026 12:05,202605,WESTERN EUROPE-EU,SPAIN,GLASGOW,MALAGA,31042,28090,2952,29288,26127,3161,5.988801
28/07/2026 12:05,202605,WESTERN EUROPE-EU,SPAIN,GLASGOW,PALMA DE MALLORCA,31253,24024,7229,30600,23571,7029,2.133987
28/07/2026 12:05,202605,WESTERN EUROPE-EU,SPAIN,GLASGOW,REUS,11508,7790,3718,7966,4200,3766,44.463972
28/07/2026 12:05,202605,WESTERN EUROPE-EU,SPAIN,GUERNSEY,PALMA DE MALLORCA,889,889,0,706,0,706,25.92068
28/07/2026 12:05,202605,WESTERN EUROPE-EU,SPAIN,HUMBERSIDE,PALMA DE MALLORCA,2920,0,2920,2916,384,2532,0.137174
28/07/2026 12:05,202605,WESTERN EUROPE-EU,SPAIN,ISLE OF MAN,IBIZA,52,0,52,0,0,0,0
28/07/2026 12:05,202605,WESTERN EUROPE-EU,SPAIN,ISLE OF MAN,PALMA DE MALLORCA,717,0,717,591,0,591,21.319797
28/07/2026 12:05,202605,WESTERN EUROPE-EU,SPAIN,JERSEY,IBIZA,211,0,211,255,0,255,-17.254902
28/07/2026 12:05,202605,WESTERN EUROPE-EU,SPAIN,JERSEY,MALAGA,391,0,391,549,0,549,-28.779599
28/07/2026 12:05,202605,WESTERN EUROPE-EU,SPAIN,JERSEY,PALMA DE MALLORCA,833,0,833,795,0,795,4.779874
28/07/2026 12:05,202605,WESTERN EUROPE-EU,SPAIN,LEEDS BRADFORD,ALICANTE,40850,40850,0,38398,38398,0,6.385749
28/07/2026 12:05,202605,WESTERN EUROPE-EU,SPAIN,LEEDS BRADFORD,ALMERIA,2250,2250,0,1257,1257,0,78.997613
28/07/2026 12:05,202605,WESTERN EUROPE-EU,SPAIN,LEEDS BRADFORD,BARCELONA,4367,4367,0,2361,2361,0,84.963998
28/07/2026 12:05,202605,WESTERN EUROPE-EU,SPAIN,LEEDS BRADFORD,GIRONA,8074,8074,0,6247,6247,0,29.246038
28/07/2026 12:05,202605,WESTERN EUROPE-EU,SPAIN,LEEDS BRADFORD,IBIZA,11891,11891,0,12404,12404,0,-4.135763
28/07/2026 12:05,202605,WESTERN EUROPE-EU,SPAIN,LEEDS BRADFORD,JEREZ,1219,1219,0,1099,1099,0,10.919017
28/07/2026 12:05,202605,WESTERN EUROPE-EU,SPAIN,LEEDS BRADFORD,MAHON,5481,5481,0,4238,4238,0,29.329873
28/07/2026 12:05,202605,WESTERN EUROPE-EU,SPAIN,LEEDS BRADFORD,MALAGA,32806,32806,0,28035,28035,0,17.018013
28/07/2026 12:05,202605,WESTERN EUROPE-EU,SPAIN,LEEDS BRADFORD,PALMA DE MALLORCA,43579,40136,3443,40171,36872,3299,8.483732
28/07/2026 12:05,202605,WESTERN EUROPE-EU,SPAIN,LEEDS BRADFORD,REUS,8367,8367,0,6307,6307,0,32.662121
28/07/2026 12:05,202605,WESTERN EUROPE-EU,SPAIN,LIVERPOOL (JOHN LENNON),ALICANTE,41507,41507,0,37396,37396,0,10.993154
28/07/2026 12:05,202605,WESTERN EUROPE-EU,SPAIN,LIVERPOOL (JOHN LENNON),ALMERIA,2517,2517,0,0,0,0,0
28/07/2026 12:05,202605,WESTERN EUROPE-EU,SPAIN,LIVERPOOL (JOHN LENNON),BARCELONA,8619,8581,38,12124,12124,0,-28.909601
28/07/2026 12:05,202605,WESTERN EUROPE-EU,SPAIN,LIVERPOOL (JOHN LENNON),IBIZA,9195,9195,0,6299,6299,0,45.975552
28/07/2026 12:05,202605,WESTERN EUROPE-EU,SPAIN,LIVERPOOL (JOHN LENNON),LEON,0,0,0,154,0,154,-100
28/07/2026 12:05,202605,WESTERN EUROPE-EU,SPAIN,LIVERPOOL (JOHN LENNON),MADRID,4024,4024,0,4523,4523,0,-11.032501
28/07/2026 12:05,202605,WESTERN EUROPE-EU,SPAIN,LIVERPOOL (JOHN LENNON),MAHON,2818,2818,0,2339,2339,0,20.478837
28/07/2026 12:05,202605,WESTERN EUROPE-EU,SPAIN,LIVERPOOL (JOHN LENNON),MALAGA,33811,33811,0,39640,39640,0,-14.704844
28/07/2026 12:05,202605,WESTERN EUROPE-EU,SPAIN,LIVERPOOL (JOHN LENNON),PALMA DE MALLORCA,37230,37230,0,41203,41203,0,-9.642502
28/07/2026 12:05,202605,WESTERN EUROPE-EU,SPAIN,LIVERPOOL (JOHN LENNON),REUS,9332,9332,0,8121,8121,0,14.911957
28/07/2026 12:05,202605,WESTERN EUROPE-EU,SPAIN,LIVERPOOL (JOHN LENNON),SALAMANCA,0,0,0,156,0,156,-100
28/07/2026 12:05,202605,WESTERN EUROPE-EU,SPAIN,LIVERPOOL (JOHN LENNON),VALLADOLID,0,0,0,309,0,309,-100
28/07/2026 12:05,202605,WESTERN EUROPE-EU,SPAIN,MANCHESTER,ALICANTE,91831,87669,4162,85701,81843,3858,7.152775
28/07/2026 12:05,202605,WESTERN EUROPE-EU,SPAIN,MANCHESTER,ALMERIA,10369,10369,0,8364,8364,0,23.971784
28/07/2026 12:05,202605,WESTERN EUROPE-EU,SPAIN,MANCHESTER,BARCELONA,66289,66289,0,58613,58613,0,13.096071
28/07/2026 12:05,202605,WESTERN EUROPE-EU,SPAIN,MANCHESTER,BILBAO,6937,6937,0,11620,9007,2613,-40.301205
28/07/2026 12:05,202605,WESTERN EUROPE-EU,SPAIN,MANCHESTER,GIRONA,12412,10543,1869,9598,7763,1835,29.318608
28/07/2026 12:05,202605,WESTERN EUROPE-EU,SPAIN,MANCHESTER,IBIZA,42704,34625,8079,42369,34774,7595,0.790672
28/07/2026 12:05,202605,WESTERN EUROPE-EU,SPAIN,MANCHESTER,JEREZ,2683,2683,0,1528,1528,0,75.589005
28/07/2026 12:05,202605,WESTERN EUROPE-EU,SPAIN,MANCHESTER,MADRID,20602,20602,0,20022,20022,0,2.896814
28/07/2026 12:05,202605,WESTERN EUROPE-EU,SPAIN,MANCHESTER,MAHON,24687,16639,8048,22355,14595,7760,10.431671
28/07/2026 12:05,202605,WESTERN EUROPE-EU,SPAIN,MANCHESTER,MALAGA,61917,56304,5613,54607,49669,4938,13.386562
28/07/2026 12:05,202605,WESTERN EUROPE-EU,SPAIN,MANCHESTER,MURCIA INTERNATIONAL,17241,17241,0,16768,16768,0,2.820849
28/07/2026 12:05,202605,WESTERN EUROPE-EU,SPAIN,MANCHESTER,PALMA DE MALLORCA,96038,75668,20370,90981,75392,15589,5.558303
28/07/2026 12:05,202605,WESTERN EUROPE-EU,SPAIN,MANCHESTER,REUS,22904,17582,5322,21971,15969,6002,4.246507
28/07/2026 12:05,202605,WESTERN EUROPE-EU,SPAIN,MANCHESTER,SANTANDER,3187,3187,0,5913,3103,2810,-46.10181
28/07/2026 12:05,202605,WESTERN EUROPE-EU,SPAIN,MANCHESTER,SANTIAGO DE COMPOSTELA (SPAIN),0,0,0,184,184,0,-100
28/07/2026 12:05,202605,WESTERN EUROPE-EU,SPAIN,MANCHESTER,SEVILLE,6253,6253,0,6118,6118,0,2.206603
28/07/2026 12:05,202605,WESTERN EUROPE-EU,SPAIN,MANCHESTER,VALENCIA,11885,11885,0,7546,7546,0,57.500663
28/07/2026 12:05,202605,WESTERN EUROPE-EU,SPAIN,MANCHESTER,VITORIA,0,0,0,65,0,65,-100
28/07/2026 12:05,202605,WESTERN EUROPE-EU,SPAIN,NEWCASTLE,ALICANTE,35727,35727,0,31668,31668,0,12.817355
28/07/2026 12:05,202605,WESTERN EUROPE-EU,SPAIN,NEWCASTLE,BARCELONA,6735,6735,0,5814,5814,0,15.841073
28/07/2026 12:05,202605,WESTERN EUROPE-EU,SPAIN,NEWCASTLE,GIRONA,1551,1551,0,1162,1162,0,33.476764
28/07/2026 12:05,202605,WESTERN EUROPE-EU,SPAIN,NEWCASTLE,IBIZA,12749,12749,0,15826,15826,0,-19.442689
28/07/2026 12:05,202605,WESTERN EUROPE-EU,SPAIN,NEWCASTLE,MAHON,7515,7515,0,6949,6949,0,8.145057
28/07/2026 12:05,202605,WESTERN EUROPE-EU,SPAIN,NEWCASTLE,MALAGA,28665,28665,0,23927,23927,0,19.801897
28/07/2026 12:05,202605,WESTERN EUROPE-EU,SPAIN,NEWCASTLE,PALMA DE MALLORCA,40684,40684,0,37112,37112,0,9.624919
28/07/2026 12:05,202605,WESTERN EUROPE-EU,SPAIN,NEWCASTLE,REUS,8474,8474,0,7276,7276,0,16.465091
28/07/2026 12:05,202605,WESTERN EUROPE-EU,SPAIN,NEWQUAY,ALICANTE,5784,5784,0,4225,4225,0,36.899408
28/07/2026 12:05,202605,WESTERN EUROPE-EU,SPAIN,NEWQUAY,MALAGA,3964,3964,0,3272,3272,0,21.149144
28/07/2026 12:05,202605,WESTERN EUROPE-EU,SPAIN,NORWICH,ALICANTE,4518,4518,0,2816,0,2816,60.440341
28/07/2026 12:05,202605,WESTERN EUROPE-EU,SPAIN,NORWICH,IBIZA,1600,0,1600,1623,0,1623,-1.417129
28/07/2026 12:05,202605,WESTERN EUROPE-EU,SPAIN,NORWICH,MAHON,2195,0,2195,1797,0,1797,22.148024
28/07/2026 12:05,202605,WESTERN EUROPE-EU,SPAIN,NORWICH,PALMA DE MALLORCA,4502,0,4502,4465,0,4465,0.828667
28/07/2026 12:05,202605,WESTERN EUROPE-EU,SPAIN,OXFORD (KIDLINGTON),BILBAO,8,0,8,0,0,0,0
28/07/2026 12:05,202605,WESTERN EUROPE-EU,SPAIN,PRESTWICK,ALICANTE,13111,13111,0,10521,10521,0,24.617432
28/07/2026 12:05,202605,WESTERN EUROPE-EU,SPAIN,PRESTWICK,BARCELONA,5657,5657,0,5932,5932,0,-4.635873
28/07/2026 12:05,202605,WESTERN EUROPE-EU,SPAIN,PRESTWICK,MALAGA,10581,10581,0,9594,9594,0,10.28768
28/07/2026 12:05,202605,WESTERN EUROPE-EU,SPAIN,PRESTWICK,MURCIA INTERNATIONAL,9342,9342,0,7467,7467,0,25.110486
28/07/2026 12:05,202605,WESTERN EUROPE-EU,SPAIN,PRESTWICK,PALMA DE MALLORCA,8211,8211,0,9255,9255,0,-11.280389
28/07/2026 12:05,202605,WESTERN EUROPE-EU,SPAIN,SOUTHAMPTON,ALICANTE,2348,2348,0,2255,2255,0,4.124169
28/07/2026 12:05,202605,WESTERN EUROPE-EU,SPAIN,SOUTHAMPTON,BARCELONA,2125,2125,0,0,0,0,0
28/07/2026 12:05,202605,WESTERN EUROPE-EU,SPAIN,SOUTHAMPTON,PALMA DE MALLORCA,2274,2274,0,2592,2400,192,-12.268519
28/07/2026 12:05,202605,WESTERN EUROPE-EU,SPAIN,TEESSIDE INTERNATIONAL AIRPORT,ALICANTE,6414,6414,0,4816,4816,0,33.181063
28/07/2026 12:05,202605,WESTERN EUROPE-EU,SPAIN,TEESSIDE INTERNATIONAL AIRPORT,MALAGA,2969,2969,0,2894,2894,0,2.591569
28/07/2026 12:05,202605,WESTERN EUROPE-EU,SPAIN,TEESSIDE INTERNATIONAL AIRPORT,PALMA DE MALLORCA,4679,2820,1859,4812,2960,1852,-2.763924
28/07/2026 12:05,202605,WESTERN EUROPE-EU,SPAIN(CANARY ISLANDS),GATWICK,ARRECIFE,39827,35425,4402,38029,34270,3759,4.727971
28/07/2026 12:05,202605,WESTERN EUROPE-EU,SPAIN(CANARY ISLANDS),GATWICK,FUERTEVENTURA,19210,16221,2989,18716,14882,3834,2.639453
28/07/2026 12:05,202605,WESTERN EUROPE-EU,SPAIN(CANARY ISLANDS),GATWICK,LAS PALMAS,26034,21153,4881,23079,17815,5264,12.803848
28/07/2026 12:05,202605,WESTERN EUROPE-EU,SPAIN(CANARY ISLANDS),GATWICK,SANTA CRUZ DE LA PALMA,1146,0,1146,1687,0,1687,-32.068761
28/07/2026 12:05,202605,WESTERN EUROPE-EU,SPAIN(CANARY ISLANDS),GATWICK,TENERIFE (SURREINA SOFIA),52928,44884,8044,52910,43759,9151,0.03402
28/07/2026 12:05,202605,WESTERN EUROPE-EU,SPAIN(CANARY ISLANDS),HEATHROW,TENERIFE (SURREINA SOFIA),6367,6367,0,6664,6664,0,-4.456783
28/07/2026 12:05,202605,WESTERN EUROPE-EU,SPAIN(CANARY ISLANDS),LUTON,ARRECIFE,10590,10590,0,11903,9949,1954,-11.030833
28/07/2026 12:05,202605,WESTERN EUROPE-EU,SPAIN(CANARY ISLANDS),LUTON,FUERTEVENTURA,8095,8095,0,8729,8729,0,-7.263146
28/07/2026 12:05,202605,WESTERN EUROPE-EU,SPAIN(CANARY ISLANDS),LUTON,LAS PALMAS,12194,12194,0,12799,12799,0,-4.726932
28/07/2026 12:05,202605,WESTERN EUROPE-EU,SPAIN(CANARY ISLANDS),LUTON,TENERIFE (SURREINA SOFIA),20566,20566,0,20447,20447,0,0.581992
28/07/2026 12:05,202605,WESTERN EUROPE-EU,SPAIN(CANARY ISLANDS),SOUTHEND,LAS PALMAS,4379,4379,0,3990,3990,0,9.749373
28/07/2026 12:05,202605,WESTERN EUROPE-EU,SPAIN(CANARY ISLANDS),SOUTHEND,TENERIFE (SURREINA SOFIA),4072,4072,0,4280,4280,0,-4.859813
28/07/2026 12:05,202605,WESTERN EUROPE-EU,SPAIN(CANARY ISLANDS),STANSTED,ARRECIFE,19646,19646,0,22348,22348,0,-12.090567
28/07/2026 12:05,202605,WESTERN EUROPE-EU,SPAIN(CANARY ISLANDS),STANSTED,FUERTEVENTURA,12559,12559,0,13109,13109,0,-4.195591
28/07/2026 12:05,202605,WESTERN EUROPE-EU,SPAIN(CANARY ISLANDS),STANSTED,LAS PALMAS,15626,15626,0,18182,15272,2910,-14.057859
28/07/2026 12:05,202605,WESTERN EUROPE-EU,SPAIN(CANARY ISLANDS),STANSTED,TENERIFE (SURREINA SOFIA),36013,36013,0,37684,37684,0,-4.434243
28/07/2026 12:05,202605,WESTERN EUROPE-EU,SPAIN(CANARY ISLANDS),BELFAST INTERNATIONAL,ARRECIFE,15031,12909,2122,13853,12225,1628,8.503573
28/07/2026 12:05,202605,WESTERN EUROPE-EU,SPAIN(CANARY ISLANDS),BELFAST INTERNATIONAL,FUERTEVENTURA,1347,1347,0,1373,1373,0,-1.893664
28/07/2026 12:05,202605,WESTERN EUROPE-EU,SPAIN(CANARY ISLANDS),BELFAST INTERNATIONAL,LAS PALMAS,3149,3084,65,3121,3121,0,0.897148
28/07/2026 12:05,202605,WESTERN EUROPE-EU,SPAIN(CANARY ISLANDS),BELFAST INTERNATIONAL,TENERIFE (SURREINA SOFIA),18260,17277,983,15820,15003,817,15.423515
28/07/2026 12:05,202605,WESTERN EUROPE-EU,SPAIN(CANARY ISLANDS),BIRMINGHAM,ARRECIFE,21588,16521,5067,19053,13667,5386,13.304991
28/07/2026 12:05,202605,WESTERN EUROPE-EU,SPAIN(CANARY ISLANDS),BIRMINGHAM,FUERTEVENTURA,14764,11191,3573,14530,11423,3107,1.610461
28/07/2026 12:05,202605,WESTERN EUROPE-EU,SPAIN(CANARY ISLANDS),BIRMINGHAM,LAS PALMAS,19491,14123,5368,17713,12058,5655,10.037825
28/07/2026 12:05,202605,WESTERN EUROPE-EU,SPAIN(CANARY ISLANDS),BIRMINGHAM,TENERIFE (SURREINA SOFIA),32783,27135,5648,30906,24952,5954,6.073254
28/07/2026 12:05,202605,WESTERN EUROPE-EU,SPAIN(CANARY ISLANDS),BOURNEMOUTH,ARRECIFE,4947,4764,183,6767,4304,2463,-26.895227
28/07/2026 12:05,202605,WESTERN EUROPE-EU,SPAIN(CANARY ISLANDS),BOURNEMOUTH,FUERTEVENTURA,3118,3118,0,3533,3533,0,-11.746391
28/07/2026 12:05,202605,WESTERN EUROPE-EU,SPAIN(CANARY ISLANDS),BOURNEMOUTH,LAS PALMAS,2769,2769,0,2642,2642,0,4.806964
28/07/2026 12:05,202605,WESTERN EUROPE-EU,SPAIN(CANARY ISLANDS),BOURNEMOUTH,TENERIFE (SURREINA SOFIA),6606,6606,0,10114,7439,2675,-34.684596
28/07/2026 12:05,202605,WESTERN EUROPE-EU,SPAIN(CANARY ISLANDS),BRISTOL,ARRECIFE,17099,17099,0,20483,17932,2551,-16.521017
28/07/2026 12:05,202605,WESTERN EUROPE-EU,SPAIN(CANARY ISLANDS),BRISTOL,FUERTEVENTURA,9546,9546,0,12555,9871,2684,-23.966547
28/07/2026 12:05,202605,WESTERN EUROPE-EU,SPAIN(CANARY ISLANDS),BRISTOL,LAS PALMAS,15963,13093,2870,17347,14031,3316,-7.978325
28/07/2026 12:05,202605,WESTERN EUROPE-EU,SPAIN(CANARY ISLANDS),BRISTOL,TENERIFE (SURREINA SOFIA),28539,28539,0,31861,28850,3011,-10.42654
28/07/2026 12:05,202605,WESTERN EUROPE-EU,SPAIN(CANARY ISLANDS),CARDIFF WALES,ARRECIFE,3370,0,3370,3341,0,3341,0.868004
28/07/2026 12:05,202605,WESTERN EUROPE-EU,SPAIN(CANARY ISLANDS),CARDIFF WALES,FUERTEVENTURA,1806,0,1806,0,0,0,0
28/07/2026 12:05,202605,WESTERN EUROPE-EU,SPAIN(CANARY ISLANDS),CARDIFF WALES,LAS PALMAS,2930,0,2930,1897,0,1897,54.454402
28/07/2026 12:05,202605,WESTERN EUROPE-EU,SPAIN(CANARY ISLANDS),CARDIFF WALES,TENERIFE (SURREINA SOFIA),8531,1686,6845,6511,1645,4866,31.02442
28/07/2026 12:05,202605,WESTERN EUROPE-EU,SPAIN(CANARY ISLANDS),EAST MIDLANDS INTERNATIONAL,ARRECIFE,17716,12975,4741,17102,12535,4567,3.590223
28/07/2026 12:05,202605,WESTERN EUROPE-EU,SPAIN(CANARY ISLANDS),EAST MIDLANDS INTERNATIONAL,FUERTEVENTURA,5668,5668,0,6341,6341,0,-10.613468
28/07/2026 12:05,202605,WESTERN EUROPE-EU,SPAIN(CANARY ISLANDS),EAST MIDLANDS INTERNATIONAL,LAS PALMAS,9710,6815,2895,11184,7934,3250,-13.179542
28/07/2026 12:05,202605,WESTERN EUROPE-EU,SPAIN(CANARY ISLANDS),EAST MIDLANDS INTERNATIONAL,TENERIFE (SURREINA SOFIA),24121,17909,6212,22629,17544,5085,6.593309
28/07/2026 12:05,202605,WESTERN EUROPE-EU,SPAIN(CANARY ISLANDS),EDINBURGH,ARRECIFE,18237,18237,0,17783,17783,0,2.553
28/07/2026 12:05,202605,WESTERN EUROPE-EU,SPAIN(CANARY ISLANDS),EDINBURGH,FUERTEVENTURA,7211,7211,0,6187,6187,0,16.550832
28/07/2026 12:05,202605,WESTERN EUROPE-EU,SPAIN(CANARY ISLANDS),EDINBURGH,LAS PALMAS,9213,9213,0,9096,9096,0,1.28628
28/07/2026 12:05,202605,WESTERN EUROPE-EU,SPAIN(CANARY ISLANDS),EDINBURGH,TENERIFE (SURREINA SOFIA),30328,30328,0,28853,28853,0,5.11212
28/07/2026 12:05,202605,WESTERN EUROPE-EU,SPAIN(CANARY ISLANDS),EXETER,ARRECIFE,3101,0,3101,2744,0,2744,13.010204
28/07/2026 12:05,202605,WESTERN EUROPE-EU,SPAIN(CANARY ISLANDS),EXETER,TENERIFE (SURREINA SOFIA),3304,0,3304,3347,0,3347,-1.284733
28/07/2026 12:05,202605,WESTERN EUROPE-EU,SPAIN(CANARY ISLANDS),GLASGOW,ARRECIFE,11418,7394,4024,9987,7063,2924,14.328627
28/07/2026 12:05,202605,WESTERN EUROPE-EU,SPAIN(CANARY ISLANDS),GLASGOW,FUERTEVENTURA,3004,3004,0,3012,3012,0,-0.265604
28/07/2026 12:05,202605,WESTERN EUROPE-EU,SPAIN(CANARY ISLANDS),GLASGOW,LAS PALMAS,8594,5795,2799,8677,5362,3315,-0.956552
28/07/2026 12:05,202605,WESTERN EUROPE-EU,SPAIN(CANARY ISLANDS),GLASGOW,TENERIFE (SURREINA SOFIA),18569,13086,5483,22001,15019,6982,-15.599291
28/07/2026 12:05,202605,WESTERN EUROPE-EU,SPAIN(CANARY ISLANDS),LEEDS BRADFORD,ARRECIFE,12611,12611,0,12395,12395,0,1.742638
28/07/2026 12:05,202605,WESTERN EUROPE-EU,SPAIN(CANARY ISLANDS),LEEDS BRADFORD,FUERTEVENTURA,8668,8668,0,8546,8546,0,1.427568
28/07/2026 12:05,202605,WESTERN EUROPE-EU,SPAIN(CANARY ISLANDS),LEEDS BRADFORD,LAS PALMAS,5511,5511,0,5300,5300,0,3.981132
28/07/2026 12:05,202605,WESTERN EUROPE-EU,SPAIN(CANARY ISLANDS),LEEDS BRADFORD,TENERIFE (SURREINA SOFIA),16789,16789,0,17318,17318,0,-3.054625
28/07/2026 12:05,202605,WESTERN EUROPE-EU,SPAIN(CANARY ISLANDS),LIVERPOOL (JOHN LENNON),ARRECIFE,13559,13559,0,13912,13912,0,-2.537378
28/07/2026 12:05,202605,WESTERN EUROPE-EU,SPAIN(CANARY ISLANDS),LIVERPOOL (JOHN LENNON),FUERTEVENTURA,6588,6588,0,7108,7108,0,-7.315701
28/07/2026 12:05,202605,WESTERN EUROPE-EU,SPAIN(CANARY ISLANDS),LIVERPOOL (JOHN LENNON),LAS PALMAS,3856,3856,0,3664,3664,0,5.240175
28/07/2026 12:05,202605,WESTERN EUROPE-EU,SPAIN(CANARY ISLANDS),LIVERPOOL (JOHN LENNON),TENERIFE (SURREINA SOFIA),24715,24715,0,26570,26570,0,-6.981558
28/07/2026 12:05,202605,WESTERN EUROPE-EU,SPAIN(CANARY ISLANDS),MANCHESTER,ARRECIFE,37895,30104,7791,36906,30800,6106,2.679781
28/07/2026 12:05,202605,WESTERN EUROPE-EU,SPAIN(CANARY ISLANDS),MANCHESTER,FUERTEVENTURA,20583,17030,3553,18714,15392,3322,9.987175
28/07/2026 12:05,202605,WESTERN EUROPE-EU,SPAIN(CANARY ISLANDS),MANCHESTER,LAS PALMAS,24405,19763,4642,23824,18580,5244,2.438717
28/07/2026 12:05,202605,WESTERN EUROPE-EU,SPAIN(CANARY ISLANDS),MANCHESTER,SANTA CRUZ DE LA PALMA,3561,2418,1143,1474,0,1474,141.587517
28/07/2026 12:05,202605,WESTERN EUROPE-EU,SPAIN(CANARY ISLANDS),MANCHESTER,TENERIFE (SURREINA SOFIA),66841,54500,12341,68588,57559,11029,-2.547093
28/07/2026 12:05,202605,WESTERN EUROPE-EU,SPAIN(CANARY ISLANDS),NEWCASTLE,ARRECIFE,9998,9998,0,14284,14284,0,-30.005601
28/07/2026 12:05,202605,WESTERN EUROPE-EU,SPAIN(CANARY ISLANDS),NEWCASTLE,FUERTEVENTURA,5811,5811,0,5768,5768,0,0.745492
28/07/2026 12:05,202605,WESTERN EUROPE-EU,SPAIN(CANARY ISLANDS),NEWCASTLE,LAS PALMAS,8963,8963,0,10295,10295,0,-12.93832
28/07/2026 12:05,202605,WESTERN EUROPE-EU,SPAIN(CANARY ISLANDS),NEWCASTLE,TENERIFE (SURREINA SOFIA),22539,22539,0,21409,21409,0,5.278154
28/07/2026 12:05,202605,WESTERN EUROPE-EU,SPAIN(CANARY ISLANDS),NORWICH,TENERIFE (SURREINA SOFIA),1693,0,1693,1362,0,1362,24.302496
28/07/2026 12:05,202605,WESTERN EUROPE-EU,SPAIN(CANARY ISLANDS),PRESTWICK,ARRECIFE,4166,4166,0,4615,4615,0,-9.729144
28/07/2026 12:05,202605,WESTERN EUROPE-EU,SPAIN(CANARY ISLANDS),PRESTWICK,LAS PALMAS,3004,3004,0,3072,3072,0,-2.213542
28/07/2026 12:05,202605,WESTERN EUROPE-EU,SPAIN(CANARY ISLANDS),PRESTWICK,TENERIFE (SURREINA SOFIA),10550,10550,0,10804,10804,0,-2.350981
28/07/2026 12:05,202605,WESTERN EUROPE-EU,SWEDEN,GATWICK,GOTEBORG (LANDVETTER),3382,3382,0,5111,5111,0,-33.828996
28/07/2026 12:05,202605,WESTERN EUROPE-EU,SWEDEN,GATWICK,STOCKHOLM (ARLANDA),26125,26125,0,28030,27679,351,-6.79629
28/07/2026 12:05,202605,WESTERN EUROPE-EU,SWEDEN,HEATHROW,GOTEBORG (LANDVETTER),13639,13639,0,11900,11900,0,14.613445
28/07/2026 12:05,202605,WESTERN EUROPE-EU,SWEDEN,HEATHROW,STOCKHOLM (ARLANDA),71515,71515,0,72779,72779,0,-1.736765
28/07/2026 12:05,202605,WESTERN EUROPE-EU,SWEDEN,LUTON,STOCKHOLM (ARLANDA),0,0,0,185,0,185,-100
28/07/2026 12:05,202605,WESTERN EUROPE-EU,SWEDEN,STANSTED,GOTEBORG (LANDVETTER),24512,24512,0,17978,17978,0,36.344421
28/07/2026 12:05,202605,WESTERN EUROPE-EU,SWEDEN,STANSTED,MALMO,1522,1522,0,0,0,0,0
28/07/2026 12:05,202605,WESTERN EUROPE-EU,SWEDEN,STANSTED,OREBRO,0,0,0,2166,2166,0,-100
28/07/2026 12:05,202605,WESTERN EUROPE-EU,SWEDEN,STANSTED,STOCKHOLM (ARLANDA),15970,15970,0,11861,11548,313,34.642947
28/07/2026 12:05,202605,WESTERN EUROPE-EU,SWEDEN,STANSTED,VASTERAS,3155,3155,0,2840,2840,0,11.091549
28/07/2026 12:05,202605,WESTERN EUROPE-EU,SWEDEN,BIRMINGHAM,STOCKHOLM (ARLANDA),4654,4654,0,4347,4347,0,7.062342
28/07/2026 12:05,202605,WESTERN EUROPE-EU,SWEDEN,EDINBURGH,GOTEBORG (LANDVETTER),3411,3411,0,2490,2490,0,36.987952
28/07/2026 12:05,202605,WESTERN EUROPE-EU,SWEDEN,EDINBURGH,STOCKHOLM (ARLANDA),13461,13461,0,11813,11813,0,13.950732
28/07/2026 12:05,202605,WESTERN EUROPE-EU,SWEDEN,GLASGOW,GOTEBORG (LANDVETTER),339,0,339,0,0,0,0
28/07/2026 12:05,202605,WESTERN EUROPE-EU,SWEDEN,GLASGOW,STOCKHOLM (ARLANDA),140,0,140,0,0,0,0
28/07/2026 12:05,202605,WESTERN EUROPE-EU,SWEDEN,MANCHESTER,GOTEBORG (LANDVETTER),5557,5557,0,4265,4265,0,30.293083
28/07/2026 12:05,202605,WESTERN EUROPE-EU,SWEDEN,MANCHESTER,STOCKHOLM (ARLANDA),11731,11731,0,10445,10445,0,12.312111
28/07/2026 12:05,202605,WESTERN EUROPE-OTHER,BOSNIA-HERZEGOVINA,LUTON,SARAJEVO,3606,3606,0,3391,3391,0,6.340313
28/07/2026 12:05,202605,WESTERN EUROPE-OTHER,BOSNIA-HERZEGOVINA,STANSTED,SARAJEVO,4552,4552,0,4296,4296,0,5.959032
28/07/2026 12:05,202605,WESTERN EUROPE-OTHER,BOSNIA-HERZEGOVINA,CITY OF DERRY (EGLINTON),MOSTAR,148,0,148,342,0,342,-56.725146
28/07/2026 12:05,202605,WESTERN EUROPE-OTHER,FAROE ISLANDS,GATWICK,VAGAR,666,666,0,160,160,0,316.25
28/07/2026 12:05,202605,WESTERN EUROPE-OTHER,FAROE ISLANDS,ABERDEEN,VAGAR,0,0,0,44,0,44,-100
28/07/2026 12:05,202605,WESTERN EUROPE-OTHER,FAROE ISLANDS,EDINBURGH,VAGAR,1470,1470,0,1442,1442,0,1.941748
28/07/2026 12:05,202605,WESTERN EUROPE-OTHER,ICELAND,GATWICK,KEFLAVIK,10775,10775,0,12531,12531,0,-14.013247
28/07/2026 12:05,202605,WESTERN EUROPE-OTHER,ICELAND,HEATHROW,KEFLAVIK,29550,29550,0,25820,25820,0,14.446166
28/07/2026 12:05,202605,WESTERN EUROPE-OTHER,ICELAND,LUTON,KEFLAVIK,2921,2921,0,2304,2304,0,26.779514
28/07/2026 12:05,202605,WESTERN EUROPE-OTHER,ICELAND,STANSTED,KEFLAVIK,0,0,0,8766,8766,0,-100
28/07/2026 12:05,202605,WESTERN EUROPE-OTHER,ICELAND,ABERDEEN,AKUREYRI,0,0,0,59,0,59,-100
28/07/2026 12:05,202605,WESTERN EUROPE-OTHER,ICELAND,EDINBURGH,KEFLAVIK,6999,6999,0,4072,4072,0,71.881139
28/07/2026 12:05,202605,WESTERN EUROPE-OTHER,ICELAND,GLASGOW,KEFLAVIK,8958,8958,0,10933,10933,0,-18.064575
28/07/2026 12:05,202605,WESTERN EUROPE-OTHER,ICELAND,LIVERPOOL (JOHN LENNON),KEFLAVIK,0,0,0,823,823,0,-100
28/07/2026 12:05,202605,WESTERN EUROPE-OTHER,ICELAND,MANCHESTER,KEFLAVIK,8906,8906,0,8361,8361,0,6.518359
28/07/2026 12:05,202605,WESTERN EUROPE-OTHER,KOSOVO,LUTON,PRISTINA,13080,13080,0,10261,10261,0,27.472956
28/07/2026 12:05,202605,WESTERN EUROPE-OTHER,MACEDONIA,GATWICK,OHRID,59,0,59,0,0,0,0
28/07/2026 12:05,202605,WESTERN EUROPE-OTHER,MACEDONIA,GATWICK,SKOPJE,0,0,0,936,0,936,-100
28/07/2026 12:05,202605,WESTERN EUROPE-OTHER,MACEDONIA,LUTON,SKOPJE,6984,6984,0,6880,6880,0,1.511628
28/07/2026 12:05,202605,WESTERN EUROPE-OTHER,MACEDONIA,MANCHESTER,OHRID,447,0,447,188,0,188,137.765957
28/07/2026 12:05,202605,WESTERN EUROPE-OTHER,MACEDONIA,MANCHESTER,SKOPJE,0,0,0,859,0,859,-100
28/07/2026 12:05,202605,WESTERN EUROPE-OTHER,NORWAY,GATWICK,ALESUND,1112,1112,0,2080,2080,0,-46.538462
28/07/2026 12:05,202605,WESTERN EUROPE-OTHER,NORWAY,GATWICK,BERGEN,19748,19748,0,13836,13836,0,42.729112
28/07/2026 12:05,202605,WESTERN EUROPE-OTHER,NORWAY,GATWICK,OSLO (GARDERMOEN),32654,32654,0,32006,32006,0,2.02462
28/07/2026 12:05,202605,WESTERN EUROPE-OTHER,NORWAY,GATWICK,STAVANGER,8509,8509,0,7537,7537,0,12.896378
28/07/2026 12:05,202605,WESTERN EUROPE-OTHER,NORWAY,GATWICK,TRONDHEIM (VAERNES),5241,5241,0,5098,5098,0,2.805022
28/07/2026 12:05,202605,WESTERN EUROPE-OTHER,NORWAY,HEATHROW,OSLO (GARDERMOEN),55502,55502,0,53416,53416,0,3.905197
28/07/2026 12:05,202605,WESTERN EUROPE-OTHER,NORWAY,LUTON,BODO,0,0,0,303,0,303,-100
28/07/2026 12:05,202605,WESTERN EUROPE-OTHER,NORWAY,STANSTED,BERGEN,138,138,0,389,389,0,-64.524422
28/07/2026 12:05,202605,WESTERN EUROPE-OTHER,NORWAY,STANSTED,BODO,0,0,0,329,0,329,-100
28/07/2026 12:05,202605,WESTERN EUROPE-OTHER,NORWAY,STANSTED,OSLO (GARDERMOEN),14643,14643,0,14932,14932,0,-1.935441
28/07/2026 12:05,202605,WESTERN EUROPE-OTHER,NORWAY,STANSTED,SANDEFJORD(TORP),5956,5956,0,5601,5601,0,6.338154
28/07/2026 12:05,202605,WESTERN EUROPE-OTHER,NORWAY,ABERDEEN,BERGEN,4427,4427,0,4039,4039,0,9.606338
28/07/2026 12:05,202605,WESTERN EUROPE-OTHER,NORWAY,ABERDEEN,STAVANGER,6564,6564,0,7004,7004,0,-6.282125
28/07/2026 12:05,202605,WESTERN EUROPE-OTHER,NORWAY,BIRMINGHAM,BERGEN,123,123,0,108,108,0,13.888889
28/07/2026 12:05,202605,WESTERN EUROPE-OTHER,NORWAY,BIRMINGHAM,OSLO (GARDERMOEN),0,0,0,83,83,0,-100
28/07/2026 12:05,202605,WESTERN EUROPE-OTHER,NORWAY,BRISTOL,BERGEN,0,0,0,330,330,0,-100
28/07/2026 12:05,202605,WESTERN EUROPE-OTHER,NORWAY,EDINBURGH,BERGEN,3077,3077,0,2157,2157,0,42.651831
28/07/2026 12:05,202605,WESTERN EUROPE-OTHER,NORWAY,EDINBURGH,LONGYEARBYEN (SVALBARD),0,0,0,442,0,442,-100
28/07/2026 12:05,202605,WESTERN EUROPE-OTHER,NORWAY,EDINBURGH,OSLO (GARDERMOEN),13693,13693,0,12170,12170,0,12.51438
28/07/2026 12:05,202605,WESTERN EUROPE-OTHER,NORWAY,EDINBURGH,STAVANGER,165,165,0,0,0,0,0
28/07/2026 12:05,202605,WESTERN EUROPE-OTHER,NORWAY,INVERNESS,BERGEN,0,0,0,19,19,0,-100
28/07/2026 12:05,202605,WESTERN EUROPE-OTHER,NORWAY,KIRKWALL,BERGEN,0,0,0,60,60,0,-100
28/07/2026 12:05,202605,WESTERN EUROPE-OTHER,NORWAY,LEEDS BRADFORD,BERGEN,1059,1059,0,1129,1129,0,-6.200177
28/07/2026 12:05,202605,WESTERN EUROPE-OTHER,NORWAY,LIVERPOOL (JOHN LENNON),BERGEN,0,0,0,78,0,78,-100
28/07/2026 12:05,202605,WESTERN EUROPE-OTHER,NORWAY,LIVERPOOL (JOHN LENNON),STAVANGER,0,0,0,20,0,20,-100
28/07/2026 12:05,202605,WESTERN EUROPE-OTHER,NORWAY,MANCHESTER,BERGEN,4345,4345,0,2157,2157,0,101.437181
28/07/2026 12:05,202605,WESTERN EUROPE-OTHER,NORWAY,MANCHESTER,OSLO (GARDERMOEN),18819,18819,0,18068,18068,0,4.15652
28/07/2026 12:05,202605,WESTERN EUROPE-OTHER,NORWAY,MANCHESTER,SANDEFJORD(TORP),9865,9865,0,8452,8452,0,16.717937
28/07/2026 12:05,202605,WESTERN EUROPE-OTHER,NORWAY,MANCHESTER,STAVANGER,2184,2184,0,1969,1969,0,10.919248
28/07/2026 12:05,202605,WESTERN EUROPE-OTHER,NORWAY,NEWCASTLE,BERGEN,0,0,0,196,196,0,-100
28/07/2026 12:05,202605,WESTERN EUROPE-OTHER,NORWAY,NEWCASTLE,STAVANGER,0,0,0,551,551,0,-100
28/07/2026 12:05,202605,WESTERN EUROPE-OTHER,NORWAY,SUMBURGH,BERGEN,535,243,292,220,220,0,143.181818
28/07/2026 12:05,202605,WESTERN EUROPE-OTHER,REPUBLIC OF MONTENEGRO,GATWICK,PODGORICA,8939,8939,0,7366,7366,0,21.354874
28/07/2026 12:05,202605,WESTERN EUROPE-OTHER,REPUBLIC OF MONTENEGRO,GATWICK,TIVAT,8889,8889,0,5768,5768,0,54.108877
28/07/2026 12:05,202605,WESTERN EUROPE-OTHER,REPUBLIC OF MONTENEGRO,HEATHROW,TIVAT,2235,2235,0,0,0,0,0
28/07/2026 12:05,202605,WESTERN EUROPE-OTHER,REPUBLIC OF MONTENEGRO,LUTON,TIVAT,6106,6106,0,4687,4687,0,30.275229
28/07/2026 12:05,202605,WESTERN EUROPE-OTHER,REPUBLIC OF MONTENEGRO,STANSTED,PODGORICA,6099,6099,0,4608,4608,0,32.356771
28/07/2026 12:05,202605,WESTERN EUROPE-OTHER,REPUBLIC OF MONTENEGRO,STANSTED,TIVAT,2718,2718,0,2800,2800,0,-2.928571
28/07/2026 12:05,202605,WESTERN EUROPE-OTHER,REPUBLIC OF MONTENEGRO,BIRMINGHAM,TIVAT,2739,2739,0,2933,2933,0,-6.614388
28/07/2026 12:05,202605,WESTERN EUROPE-OTHER,REPUBLIC OF MONTENEGRO,BRISTOL,TIVAT,2936,2936,0,0,0,0,0
28/07/2026 12:05,202605,WESTERN EUROPE-OTHER,REPUBLIC OF MONTENEGRO,MANCHESTER,TIVAT,5801,5801,0,5782,5782,0,0.328606
28/07/2026 12:05,202605,WESTERN EUROPE-OTHER,REPUBLIC OF SERBIA,HEATHROW,BELGRADE,9467,9467,0,9871,9871,0,-4.092797
28/07/2026 12:05,202605,WESTERN EUROPE-OTHER,REPUBLIC OF SERBIA,LUTON,BELGRADE,12920,12920,0,11573,11573,0,11.63916
28/07/2026 12:05,202605,WESTERN EUROPE-OTHER,SWITZERLAND,GATWICK,BALE MULHOUSE,9331,9331,0,16437,16308,129,-43.231733
28/07/2026 12:05,202605,WESTERN EUROPE-OTHER,SWITZERLAND,GATWICK,GENEVA,39826,39826,0,42492,42492,0,-6.274122
28/07/2026 12:05,202605,WESTERN EUROPE-OTHER,SWITZERLAND,GATWICK,ZURICH,28147,28147,0,22855,22855,0,23.154671
28/07/2026 12:05,202605,WESTERN EUROPE-OTHER,SWITZERLAND,HEATHROW,BALE MULHOUSE,8195,8195,0,26185,26185,0,-68.703456
28/07/2026 12:05,202605,WESTERN EUROPE-OTHER,SWITZERLAND,HEATHROW,GENEVA,77963,77963,0,70071,70071,0,11.262862
28/07/2026 12:05,202605,WESTERN EUROPE-OTHER,SWITZERLAND,HEATHROW,ZURICH,85716,85716,0,84434,84434,0,1.518346
28/07/2026 12:05,202605,WESTERN EUROPE-OTHER,SWITZERLAND,LONDON CITY,ZURICH,30484,30484,0,29880,29880,0,2.021419
28/07/2026 12:05,202605,WESTERN EUROPE-OTHER,SWITZERLAND,LUTON,BALE MULHOUSE,776,776,0,2655,2655,0,-70.772128
28/07/2026 12:05,202605,WESTERN EUROPE-OTHER,SWITZERLAND,LUTON,GENEVA,8911,8911,0,11170,11170,0,-20.223814
28/07/2026 12:05,202605,WESTERN EUROPE-OTHER,SWITZERLAND,LUTON,ZURICH,5222,5222,0,5949,5949,0,-12.220541
28/07/2026 12:05,202605,WESTERN EUROPE-OTHER,SWITZERLAND,SOUTHEND,GENEVA,2190,2190,0,0,0,0,0
28/07/2026 12:05,202605,WESTERN EUROPE-OTHER,SWITZERLAND,STANSTED,BALE MULHOUSE,2164,2164,0,3965,3965,0,-45.422446
28/07/2026 12:05,202605,WESTERN EUROPE-OTHER,SWITZERLAND,BELFAST CITY (GEORGE BEST),GENEVA,34,0,34,0,0,0,0
28/07/2026 12:05,202605,WESTERN EUROPE-OTHER,SWITZERLAND,BIGGIN HILL,GENEVA,0,0,0,16,0,16,-100
28/07/2026 12:05,202605,WESTERN EUROPE-OTHER,SWITZERLAND,BIGGIN HILL,PAYERNE,1,0,1,0,0,0,0
28/07/2026 12:05,202605,WESTERN EUROPE-OTHER,SWITZERLAND,BIRMINGHAM,GENEVA,4852,4852,0,2802,2802,0,73.162027
28/07/2026 12:05,202605,WESTERN EUROPE-OTHER,SWITZERLAND,BIRMINGHAM,ZURICH,5885,5885,0,5293,5293,0,11.184583
28/07/2026 12:05,202605,WESTERN EUROPE-OTHER,SWITZERLAND,BRISTOL,BALE MULHOUSE,0,0,0,2746,2746,0,-100
28/07/2026 12:05,202605,WESTERN EUROPE-OTHER,SWITZERLAND,BRISTOL,GENEVA,9613,9613,0,8566,8566,0,12.222741
28/07/2026 12:05,202605,WESTERN EUROPE-OTHER,SWITZERLAND,BRISTOL,ZURICH,3793,3793,0,0,0,0,0
28/07/2026 12:05,202605,WESTERN EUROPE-OTHER,SWITZERLAND,EDINBURGH,BALE MULHOUSE,3654,3654,0,7252,7252,0,-49.6139
28/07/2026 12:05,202605,WESTERN EUROPE-OTHER,SWITZERLAND,EDINBURGH,GENEVA,16668,16668,0,17861,17861,0,-6.679357
28/07/2026 12:05,202605,WESTERN EUROPE-OTHER,SWITZERLAND,EDINBURGH,ZURICH,15194,15194,0,9675,9675,0,57.043928
28/07/2026 12:05,202605,WESTERN EUROPE-OTHER,SWITZERLAND,GLASGOW,ZURICH,138,138,0,0,0,0,0
28/07/2026 12:05,202605,WESTERN EUROPE-OTHER,SWITZERLAND,GUERNSEY,BERNE,0,0,0,88,88,0,-100
28/07/2026 12:05,202605,WESTERN EUROPE-OTHER,SWITZERLAND,GUERNSEY,ZURICH,46,0,46,105,105,0,-56.190476
28/07/2026 12:05,202605,WESTERN EUROPE-OTHER,SWITZERLAND,ISLE OF MAN,ZURICH,9,0,9,0,0,0,0
28/07/2026 12:05,202605,WESTERN EUROPE-OTHER,SWITZERLAND,JERSEY,BERNE,0,0,0,125,0,125,-100
28/07/2026 12:05,202605,WESTERN EUROPE-OTHER,SWITZERLAND,JERSEY,ZURICH,47,0,47,151,0,151,-68.874172
28/07/2026 12:05,202605,WESTERN EUROPE-OTHER,SWITZERLAND,MANCHESTER,BALE MULHOUSE,1137,1137,0,6301,6301,0,-81.955245
28/07/2026 12:05,202605,WESTERN EUROPE-OTHER,SWITZERLAND,MANCHESTER,GENEVA,16729,16729,0,17939,17939,0,-6.745081
28/07/2026 12:05,202605,WESTERN EUROPE-OTHER,SWITZERLAND,MANCHESTER,ZURICH,24162,24162,0,19124,19124,0,26.343861
28/07/2026 12:05,202605,WESTERN EUROPE-OTHER,SWITZERLAND,NEWQUAY,ZURICH,2110,2110,0,1469,1469,0,43.635126
28/07/2026 12:05,202605,WESTERN EUROPE-OTHER,TURKEY,GATWICK,ANTALYA,74586,74586,0,79272,79272,0,-5.911293
28/07/2026 12:05,202605,WESTERN EUROPE-OTHER,TURKEY,GATWICK,BODRUM (MILAS),14275,14275,0,15607,15607,0,-8.534632
28/07/2026 12:05,202605,WESTERN EUROPE-OTHER,TURKEY,GATWICK,DALAMAN,50012,50012,0,55960,55960,0,-10.629021
28/07/2026 12:05,202605,WESTERN EUROPE-OTHER,TURKEY,GATWICK,ISTANBUL,41908,41827,81,49977,49977,0,-16.145427
28/07/2026 12:05,202605,WESTERN EUROPE-OTHER,TURKEY,GATWICK,IZMIR (ADNAN MENDERES),6033,6033,0,6221,5835,386,-3.022022
28/07/2026 12:05,202605,WESTERN EUROPE-OTHER,TURKEY,GATWICK,KAYSERI  ERKILET,0,0,0,842,842,0,-100
28/07/2026 12:05,202605,WESTERN EUROPE-OTHER,TURKEY,HEATHROW,BODRUM (MILAS),3722,3722,0,3637,3637,0,2.337091
28/07/2026 12:05,202605,WESTERN EUROPE-OTHER,TURKEY,HEATHROW,DALAMAN,3582,3582,0,3654,3654,0,-1.970443
28/07/2026 12:05,202605,WESTERN EUROPE-OTHER,TURKEY,HEATHROW,ISTANBUL,111078,111078,0,115030,115030,0,-3.435625
28/07/2026 12:05,202605,WESTERN EUROPE-OTHER,TURKEY,HEATHROW,ISTANBUL (SABIHA GOKCEN),0,0,0,5221,5221,0,-100
28/07/2026 12:05,202605,WESTERN EUROPE-OTHER,TURKEY,HEATHROW,IZMIR (ADNAN MENDERES),0,0,0,803,803,0,-100
28/07/2026 12:05,202605,WESTERN EUROPE-OTHER,TURKEY,LUTON,ANTALYA,27118,27118,0,28378,28378,0,-4.440059
28/07/2026 12:05,202605,WESTERN EUROPE-OTHER,TURKEY,LUTON,BODRUM (MILAS),6134,6134,0,6225,6225,0,-1.461847
28/07/2026 12:05,202605,WESTERN EUROPE-OTHER,TURKEY,LUTON,DALAMAN,10574,10574,0,17240,15474,1766,-38.665893
28/07/2026 12:05,202605,WESTERN EUROPE-OTHER,TURKEY,LUTON,ISTANBUL,14067,14067,0,13695,13695,0,2.71632
28/07/2026 12:05,202605,WESTERN EUROPE-OTHER,TURKEY,LUTON,IZMIR (ADNAN MENDERES),2639,2639,0,4398,4398,0,-39.995452
28/07/2026 12:05,202605,WESTERN EUROPE-OTHER,TURKEY,SOUTHEND,ANTALYA,2722,2722,0,3017,3017,0,-9.777925
28/07/2026 12:05,202605,WESTERN EUROPE-OTHER,TURKEY,SOUTHEND,DALAMAN,3921,3921,0,4195,4195,0,-6.531585
28/07/2026 12:05,202605,WESTERN EUROPE-OTHER,TURKEY,STANSTED,ANKARA (ESENBOGA),5253,5253,0,7800,7800,0,-32.653846
28/07/2026 12:05,202605,WESTERN EUROPE-OTHER,TURKEY,STANSTED,ANTALYA,38360,38360,0,39979,39979,0,-4.049626
28/07/2026 12:05,202605,WESTERN EUROPE-OTHER,TURKEY,STANSTED,BODRUM (MILAS),7428,7428,0,8869,8869,0,-16.247604
28/07/2026 12:05,202605,WESTERN EUROPE-OTHER,TURKEY,STANSTED,CUKUROVA,2226,2226,0,563,563,0,295.381883
28/07/2026 12:05,202605,WESTERN EUROPE-OTHER,TURKEY,STANSTED,DALAMAN,13504,13504,0,24351,24119,232,-44.544372
28/07/2026 12:05,202605,WESTERN EUROPE-OTHER,TURKEY,STANSTED,GAZIANTEP,2573,2573,0,1710,1710,0,50.467836
28/07/2026 12:05,202605,WESTERN EUROPE-OTHER,TURKEY,STANSTED,ISTANBUL,17188,17188,0,0,0,0,0
28/07/2026 12:05,202605,WESTERN EUROPE-OTHER,TURKEY,STANSTED,ISTANBUL (SABIHA GOKCEN),91503,91503,0,75216,75216,0,21.653638
28/07/2026 12:05,202605,WESTERN EUROPE-OTHER,TURKEY,STANSTED,IZMIR (ADNAN MENDERES),21224,21224,0,20615,20615,0,2.95416
28/07/2026 12:05,202605,WESTERN EUROPE-OTHER,TURKEY,ABERDEEN,DALAMAN,655,655,0,664,664,0,-1.355422
28/07/2026 12:05,202605,WESTERN EUROPE-OTHER,TURKEY,BELFAST INTERNATIONAL,ANTALYA,7678,7678,0,7630,7630,0,0.629096
28/07/2026 12:05,202605,WESTERN EUROPE-OTHER,TURKEY,BELFAST INTERNATIONAL,BODRUM (MILAS),0,0,0,1211,1211,0,-100
28/07/2026 12:05,202605,WESTERN EUROPE-OTHER,TURKEY,BELFAST INTERNATIONAL,DALAMAN,7711,7711,0,9627,9627,0,-19.902358
28/07/2026 12:05,202605,WESTERN EUROPE-OTHER,TURKEY,BIGGIN HILL,BODRUM (MILAS),0,0,0,11,0,11,-100
28/07/2026 12:05,202605,WESTERN EUROPE-OTHER,TURKEY,BIGGIN HILL,ISTANBUL,4,0,4,0,0,0,0
28/07/2026 12:05,202605,WESTERN EUROPE-OTHER,TURKEY,BIRMINGHAM,ANTALYA,35326,35326,0,39802,39802,0,-11.245666
28/07/2026 12:05,202605,WESTERN EUROPE-OTHER,TURKEY,BIRMINGHAM,BODRUM (MILAS),3116,3116,0,4169,4169,0,-25.257856
28/07/2026 12:05,202605,WESTERN EUROPE-OTHER,TURKEY,BIRMINGHAM,DALAMAN,26648,26648,0,31584,30380,1204,-15.628166
28/07/2026 12:05,202605,WESTERN EUROPE-OTHER,TURKEY,BIRMINGHAM,ISTANBUL,18687,17048,1639,18204,18204,0,2.653263
28/07/2026 12:05,202605,WESTERN EUROPE-OTHER,TURKEY,BIRMINGHAM,ISTANBUL (SABIHA GOKCEN),12208,11859,349,7334,7334,0,66.457595
28/07/2026 12:05,202605,WESTERN EUROPE-OTHER,TURKEY,BIRMINGHAM,IZMIR (ADNAN MENDERES),5586,5586,0,5486,5486,0,1.822822
28/07/2026 12:05,202605,WESTERN EUROPE-OTHER,TURKEY,BOURNEMOUTH,ANTALYA,4574,4574,0,2943,2767,176,55.41964
28/07/2026 12:05,202605,WESTERN EUROPE-OTHER,TURKEY,BOURNEMOUTH,DALAMAN,2789,2789,0,3214,3214,0,-13.223398
28/07/2026 12:05,202605,WESTERN EUROPE-OTHER,TURKEY,BRISTOL,ANTALYA,20413,20413,0,25465,24836,629,-19.838995
28/07/2026 12:05,202605,WESTERN EUROPE-OTHER,TURKEY,BRISTOL,BODRUM (MILAS),6619,6619,0,7543,7543,0,-12.249768
28/07/2026 12:05,202605,WESTERN EUROPE-OTHER,TURKEY,BRISTOL,DALAMAN,18959,18959,0,22318,21630,688,-15.050632
28/07/2026 12:05,202605,WESTERN EUROPE-OTHER,TURKEY,BRISTOL,ISTANBUL,0,0,0,3040,3040,0,-100
28/07/2026 12:05,202605,WESTERN EUROPE-OTHER,TURKEY,BRISTOL,ISTANBUL (SABIHA GOKCEN),2845,2845,0,0,0,0,0
28/07/2026 12:05,202605,WESTERN EUROPE-OTHER,TURKEY,BRISTOL,IZMIR (ADNAN MENDERES),1241,1241,0,1087,1087,0,14.167433
28/07/2026 12:05,202605,WESTERN EUROPE-OTHER,TURKEY,CARDIFF WALES,ANTALYA,2918,0,2918,1836,0,1836,58.932462
28/07/2026 12:05,202605,WESTERN EUROPE-OTHER,TURKEY,CARDIFF WALES,DALAMAN,2840,0,2840,3069,0,3069,-7.461714
28/07/2026 12:05,202605,WESTERN EUROPE-OTHER,TURKEY,EAST MIDLANDS INTERNATIONAL,ANTALYA,9661,9661,0,8655,8178,477,11.623339
28/07/2026 12:05,202605,WESTERN EUROPE-OTHER,TURKEY,EAST MIDLANDS INTERNATIONAL,BODRUM (MILAS),1125,1125,0,2818,2818,0,-60.07807
28/07/2026 12:05,202605,WESTERN EUROPE-OTHER,TURKEY,EAST MIDLANDS INTERNATIONAL,DALAMAN,10313,10132,181,11285,11285,0,-8.613203
28/07/2026 12:05,202605,WESTERN EUROPE-OTHER,TURKEY,EAST MIDLANDS INTERNATIONAL,IZMIR (ADNAN MENDERES),1621,1621,0,2474,2474,0,-34.478577
28/07/2026 12:05,202605,WESTERN EUROPE-OTHER,TURKEY,EDINBURGH,ANTALYA,21524,21524,0,22104,22104,0,-2.623959
28/07/2026 12:05,202605,WESTERN EUROPE-OTHER,TURKEY,EDINBURGH,BODRUM (MILAS),1543,1543,0,5774,5774,0,-73.276758
28/07/2026 12:05,202605,WESTERN EUROPE-OTHER,TURKEY,EDINBURGH,DALAMAN,14840,14840,0,17113,17113,0,-13.2823
28/07/2026 12:05,202605,WESTERN EUROPE-OTHER,TURKEY,EDINBURGH,ISTANBUL,14911,14911,0,14550,14550,0,2.4811
28/07/2026 12:05,202605,WESTERN EUROPE-OTHER,TURKEY,EDINBURGH,ISTANBUL (SABIHA GOKCEN),9893,9893,0,5925,5925,0,66.970464
28/07/2026 12:05,202605,WESTERN EUROPE-OTHER,TURKEY,EDINBURGH,IZMIR (ADNAN MENDERES),0,0,0,2141,2141,0,-100
28/07/2026 12:05,202605,WESTERN EUROPE-OTHER,TURKEY,EXETER,ANTALYA,0,0,0,688,0,688,-100
28/07/2026 12:05,202605,WESTERN EUROPE-OTHER,TURKEY,EXETER,DALAMAN,1689,0,1689,1769,0,1769,-4.522329
28/07/2026 12:05,202605,WESTERN EUROPE-OTHER,TURKEY,GLASGOW,ANTALYA,20075,20075,0,19669,19669,0,2.064162
28/07/2026 12:05,202605,WESTERN EUROPE-OTHER,TURKEY,GLASGOW,BODRUM (MILAS),2917,2917,0,2828,2828,0,3.1471
28/07/2026 12:05,202605,WESTERN EUROPE-OTHER,TURKEY,GLASGOW,DALAMAN,15836,15836,0,17839,17320,519,-11.228208
28/07/2026 12:05,202605,WESTERN EUROPE-OTHER,TURKEY,GLASGOW,IZMIR (ADNAN MENDERES),1398,1398,0,2574,2574,0,-45.687646
28/07/2026 12:05,202605,WESTERN EUROPE-OTHER,TURKEY,LEEDS BRADFORD,ANTALYA,14729,14729,0,15011,15011,0,-1.878622
28/07/2026 12:05,202605,WESTERN EUROPE-OTHER,TURKEY,LEEDS BRADFORD,BODRUM (MILAS),2687,2687,0,2528,2528,0,6.289557
28/07/2026 12:05,202605,WESTERN EUROPE-OTHER,TURKEY,LEEDS BRADFORD,DALAMAN,8779,8779,0,9416,9416,0,-6.765081
28/07/2026 12:05,202605,WESTERN EUROPE-OTHER,TURKEY,LEEDS BRADFORD,IZMIR (ADNAN MENDERES),1816,1816,0,2717,2717,0,-33.161575
28/07/2026 12:05,202605,WESTERN EUROPE-OTHER,TURKEY,LIVERPOOL (JOHN LENNON),ANTALYA,12043,12043,0,15644,15644,0,-23.01841
28/07/2026 12:05,202605,WESTERN EUROPE-OTHER,TURKEY,LIVERPOOL (JOHN LENNON),BODRUM (MILAS),5456,5456,0,4879,4879,0,11.826194
28/07/2026 12:05,202605,WESTERN EUROPE-OTHER,TURKEY,LIVERPOOL (JOHN LENNON),DALAMAN,10309,10309,0,12871,12871,0,-19.905213
28/07/2026 12:05,202605,WESTERN EUROPE-OTHER,TURKEY,MANCHESTER,ANTALYA,69977,69977,0,81107,80938,169,-13.722613
28/07/2026 12:05,202605,WESTERN EUROPE-OTHER,TURKEY,MANCHESTER,BODRUM (MILAS),8030,8030,0,9870,9870,0,-18.642351
28/07/2026 12:05,202605,WESTERN EUROPE-OTHER,TURKEY,MANCHESTER,DALAMAN,44884,44884,0,60873,60873,0,-26.266161
28/07/2026 12:05,202605,WESTERN EUROPE-OTHER,TURKEY,MANCHESTER,ISTANBUL,31810,31810,0,39480,39480,0,-19.427558
28/07/2026 12:05,202605,WESTERN EUROPE-OTHER,TURKEY,MANCHESTER,ISTANBUL (SABIHA GOKCEN),14676,14676,0,20182,20182,0,-27.281736
28/07/2026 12:05,202605,WESTERN EUROPE-OTHER,TURKEY,MANCHESTER,IZMIR (ADNAN MENDERES),7683,7683,0,8346,8346,0,-7.943925
28/07/2026 12:05,202605,WESTERN EUROPE-OTHER,TURKEY,NEWCASTLE,ANTALYA,21194,21194,0,21321,21321,0,-0.595657
28/07/2026 12:05,202605,WESTERN EUROPE-OTHER,TURKEY,NEWCASTLE,BODRUM (MILAS),2834,2834,0,2900,2900,0,-2.275862
28/07/2026 12:05,202605,WESTERN EUROPE-OTHER,TURKEY,NEWCASTLE,DALAMAN,17111,17111,0,13241,13241,0,29.2274
28/07/2026 12:05,202605,WESTERN EUROPE-OTHER,TURKEY,NEWCASTLE,IZMIR (ADNAN MENDERES),1432,1432,0,2658,2658,0,-46.124906
28/07/2026 12:05,202605,WESTERN EUROPE-OTHER,TURKEY,NORWICH,DALAMAN,1780,0,1780,1760,0,1760,1.136364
28/07/2026 12:05,202605,EASTERN EUROPE-EU,BULGARIA,GATWICK,BURGAS,4591,3145,1446,1536,0,1536,198.893229
28/07/2026 12:05,202605,EASTERN EUROPE-EU,BULGARIA,GATWICK,VARNA,0,0,0,5537,5537,0,-100
28/07/2026 12:05,202605,EASTERN EUROPE-EU,BULGARIA,HEATHROW,SOFIA,8949,8949,0,8226,8226,0,8.789205
28/07/2026 12:05,202605,EASTERN EUROPE-EU,BULGARIA,LUTON,BURGAS,13346,13346,0,8722,8722,0,53.015363
28/07/2026 12:05,202605,EASTERN EUROPE-EU,BULGARIA,LUTON,PLOVDIV,6705,6705,0,6430,6430,0,4.276827
28/07/2026 12:05,202605,EASTERN EUROPE-EU,BULGARIA,LUTON,SOFIA,20763,20763,0,24034,24034,0,-13.609886
28/07/2026 12:05,202605,EASTERN EUROPE-EU,BULGARIA,LUTON,VARNA,9689,9689,0,7046,7046,0,37.510644
28/07/2026 12:05,202605,EASTERN EUROPE-EU,BULGARIA,STANSTED,BURGAS,1808,1808,0,2489,2489,0,-27.360386
28/07/2026 12:05,202605,EASTERN EUROPE-EU,BULGARIA,STANSTED,PLOVDIV,4671,4671,0,5215,5215,0,-10.431448
28/07/2026 12:05,202605,EASTERN EUROPE-EU,BULGARIA,STANSTED,SOFIA,26595,26595,0,27856,27856,0,-4.526852
28/07/2026 12:05,202605,EASTERN EUROPE-EU,BULGARIA,BIRMINGHAM,BURGAS,5572,3495,2077,4837,3299,1538,15.195369
28/07/2026 12:05,202605,EASTERN EUROPE-EU,BULGARIA,BIRMINGHAM,SOFIA,2934,2934,0,3385,3385,0,-13.323486
28/07/2026 12:05,202605,EASTERN EUROPE-EU,BULGARIA,BRISTOL,BURGAS,2622,1147,1475,3119,1682,1437,-15.934594
28/07/2026 12:05,202605,EASTERN EUROPE-EU,BULGARIA,BRISTOL,SOFIA,3276,3276,0,3254,3254,0,0.676091
28/07/2026 12:05,202605,EASTERN EUROPE-EU,BULGARIA,CARDIFF WALES,BURGAS,677,0,677,685,0,685,-1.167883
28/07/2026 12:05,202605,EASTERN EUROPE-EU,BULGARIA,EAST MIDLANDS INTERNATIONAL,BURGAS,1649,1649,0,1669,1669,0,-1.198322
28/07/2026 12:05,202605,EASTERN EUROPE-EU,BULGARIA,EDINBURGH,BURGAS,2520,2520,0,2573,2573,0,-2.059852
28/07/2026 12:05,202605,EASTERN EUROPE-EU,BULGARIA,EDINBURGH,SOFIA,3330,3330,0,4861,4861,0,-31.495577
28/07/2026 12:05,202605,EASTERN EUROPE-EU,BULGARIA,GLASGOW,BURGAS,1712,1712,0,1709,1709,0,0.175541
28/07/2026 12:05,202605,EASTERN EUROPE-EU,BULGARIA,LEEDS BRADFORD,BURGAS,2451,2451,0,2561,2561,0,-4.295197
28/07/2026 12:05,202605,EASTERN EUROPE-EU,BULGARIA,LIVERPOOL (JOHN LENNON),BURGAS,2055,2055,0,2647,2647,0,-22.364941
28/07/2026 12:05,202605,EASTERN EUROPE-EU,BULGARIA,LIVERPOOL (JOHN LENNON),SOFIA,4835,4835,0,4450,4450,0,8.651685
28/07/2026 12:05,202605,EASTERN EUROPE-EU,BULGARIA,MANCHESTER,BURGAS,8870,5049,3821,8152,4604,3548,8.807655
28/07/2026 12:05,202605,EASTERN EUROPE-EU,BULGARIA,NEWCASTLE,BURGAS,4085,4085,0,4081,4081,0,0.098015
28/07/2026 12:05,202605,EASTERN EUROPE-EU,CZECH REPUBLIC,GATWICK,PRAGUE,23094,23094,0,23542,23542,0,-1.902982
28/07/2026 12:05,202605,EASTERN EUROPE-EU,CZECH REPUBLIC,HEATHROW,PRAGUE,43185,43185,0,37056,37056,0,16.539832
28/07/2026 12:05,202605,EASTERN EUROPE-EU,CZECH REPUBLIC,LUTON,PRAGUE,15851,15851,0,32462,32462,0,-51.170599
28/07/2026 12:05,202605,EASTERN EUROPE-EU,CZECH REPUBLIC,STANSTED,BRNO (TURANY),7580,7580,0,7027,7027,0,7.869646
28/07/2026 12:05,202605,EASTERN EUROPE-EU,CZECH REPUBLIC,STANSTED,OSTRAVA,3026,3026,0,5233,5233,0,-42.174661
28/07/2026 12:05,202605,EASTERN EUROPE-EU,CZECH REPUBLIC,STANSTED,PRAGUE,33057,33057,0,27965,27965,0,18.208475
28/07/2026 12:05,202605,EASTERN EUROPE-EU,CZECH REPUBLIC,BELFAST INTERNATIONAL,PRAGUE,2507,2507,0,3406,3406,0,-26.394598
28/07/2026 12:05,202605,EASTERN EUROPE-EU,CZECH REPUBLIC,BIRMINGHAM,PRAGUE,2824,2824,0,5279,5279,0,-46.50502
28/07/2026 12:05,202605,EASTERN EUROPE-EU,CZECH REPUBLIC,BRISTOL,PRAGUE,10876,10876,0,9377,9377,0,15.985923
28/07/2026 12:05,202605,EASTERN EUROPE-EU,CZECH REPUBLIC,EAST MIDLANDS INTERNATIONAL,PRAGUE,2763,2763,0,4500,4500,0,-38.6
28/07/2026 12:05,202605,EASTERN EUROPE-EU,CZECH REPUBLIC,EDINBURGH,PRAGUE,13219,13219,0,10776,10776,0,22.67075
28/07/2026 12:05,202605,EASTERN EUROPE-EU,CZECH REPUBLIC,GLASGOW,PRAGUE,2815,2815,0,4326,4326,0,-34.92834
28/07/2026 12:05,202605,EASTERN EUROPE-EU,CZECH REPUBLIC,LEEDS BRADFORD,PRAGUE,2419,2419,0,2397,2397,0,0.917814
28/07/2026 12:05,202605,EASTERN EUROPE-EU,CZECH REPUBLIC,LIVERPOOL (JOHN LENNON),PRAGUE,0,0,0,3496,3496,0,-100
28/07/2026 12:05,202605,EASTERN EUROPE-EU,CZECH REPUBLIC,MANCHESTER,PRAGUE,24986,24986,0,24492,24492,0,2.016985
28/07/2026 12:05,202605,EASTERN EUROPE-EU,CZECH REPUBLIC,NEWCASTLE,PRAGUE,0,0,0,1845,1845,0,-100
28/07/2026 12:05,202605,EASTERN EUROPE-EU,ESTONIA,GATWICK,TALLIN,3350,3350,0,3659,3659,0,-8.44493
28/07/2026 12:05,202605,EASTERN EUROPE-EU,ESTONIA,LUTON,TALLIN,7746,7746,0,7219,7219,0,7.30018
28/07/2026 12:05,202605,EASTERN EUROPE-EU,ESTONIA,STANSTED,TALLIN,6037,6037,0,6136,6136,0,-1.613429
28/07/2026 12:05,202605,EASTERN EUROPE-EU,HUNGARY,GATWICK,BUDAPEST,24956,23648,1308,33229,32108,1121,-24.896927
28/07/2026 12:05,202605,EASTERN EUROPE-EU,HUNGARY,HEATHROW,BUDAPEST,33641,33641,0,30091,30091,0,11.797547
28/07/2026 12:05,202605,EASTERN EUROPE-EU,HUNGARY,LONDON CITY,BUDAPEST,306,306,0,0,0,0,0
28/07/2026 12:05,202605,EASTERN EUROPE-EU,HUNGARY,LUTON,BUDAPEST,45517,44082,1435,37553,37553,0,21.20736
28/07/2026 12:05,202605,EASTERN EUROPE-EU,HUNGARY,LUTON,DEBRECEN,7277,7277,0,6098,6098,0,19.334208
28/07/2026 12:05,202605,EASTERN EUROPE-EU,HUNGARY,SOUTHEND,BUDAPEST,204,204,0,0,0,0,0
28/07/2026 12:05,202605,EASTERN EUROPE-EU,HUNGARY,STANSTED,BUDAPEST,42103,42024,79,40830,40830,0,3.117806
28/07/2026 12:05,202605,EASTERN EUROPE-EU,HUNGARY,BELFAST INTERNATIONAL,BUDAPEST,0,0,0,3148,3148,0,-100
28/07/2026 12:05,202605,EASTERN EUROPE-EU,HUNGARY,BIRMINGHAM,BUDAPEST,9371,8103,1268,12776,12776,0,-26.651534
28/07/2026 12:05,202605,EASTERN EUROPE-EU,HUNGARY,BRISTOL,BUDAPEST,4917,4917,0,6665,6665,0,-26.226557
28/07/2026 12:05,202605,EASTERN EUROPE-EU,HUNGARY,EAST MIDLANDS INTERNATIONAL,BUDAPEST,2827,2827,0,3148,3148,0,-10.19695
28/07/2026 12:05,202605,EASTERN EUROPE-EU,HUNGARY,EDINBURGH,BUDAPEST,11632,11632,0,9582,9582,0,21.394281
28/07/2026 12:05,202605,EASTERN EUROPE-EU,HUNGARY,GLASGOW,BUDAPEST,0,0,0,3733,3733,0,-100
28/07/2026 12:05,202605,EASTERN EUROPE-EU,HUNGARY,LEEDS BRADFORD,BUDAPEST,1539,1539,0,1420,1420,0,8.380282
28/07/2026 12:05,202605,EASTERN EUROPE-EU,HUNGARY,LIVERPOOL (JOHN LENNON),BUDAPEST,3144,3144,0,5890,5890,0,-46.621392
28/07/2026 12:05,202605,EASTERN EUROPE-EU,HUNGARY,MANCHESTER,BUDAPEST,17670,16347,1323,17314,16115,1199,2.05614
28/07/2026 12:05,202605,EASTERN EUROPE-EU,HUNGARY,NEWCASTLE,BUDAPEST,2709,2709,0,0,0,0,0
28/07/2026 12:05,202605,EASTERN EUROPE-EU,LATVIA,GATWICK,RIGA,12027,12027,0,16841,16841,0,-28.585001
28/07/2026 12:05,202605,EASTERN EUROPE-EU,LATVIA,HEATHROW,RIGA,0,0,0,5715,5715,0,-100
28/07/2026 12:05,202605,EASTERN EUROPE-EU,LATVIA,STANSTED,RIGA,17960,17960,0,19116,19116,0,-6.04729
28/07/2026 12:05,202605,EASTERN EUROPE-EU,LATVIA,EAST MIDLANDS INTERNATIONAL,RIGA,3240,3240,0,3278,3278,0,-1.159243
28/07/2026 12:05,202605,EASTERN EUROPE-EU,LATVIA,EDINBURGH,RIGA,4833,4833,0,3305,3305,0,46.23298
28/07/2026 12:05,202605,EASTERN EUROPE-EU,LATVIA,LEEDS BRADFORD,RIGA,7551,7551,0,5968,5968,0,26.524799
28/07/2026 12:05,202605,EASTERN EUROPE-EU,LATVIA,MANCHESTER,RIGA,6341,6341,0,6142,6142,0,3.239987
28/07/2026 12:05,202605,EASTERN EUROPE-EU,LITHUANIA,LONDON CITY,VILNIUS,0,0,0,2806,2806,0,-100
28/07/2026 12:05,202605,EASTERN EUROPE-EU,LITHUANIA,LUTON,KAUNAS,19258,19258,0,23792,23792,0,-19.056826
28/07/2026 12:05,202605,EASTERN EUROPE-EU,LITHUANIA,LUTON,VILNIUS,19860,19860,0,23340,23340,0,-14.910026
28/07/2026 12:05,202605,EASTERN EUROPE-EU,LITHUANIA,STANSTED,KAUNAS,13103,13103,0,9361,9361,0,39.974362
28/07/2026 12:05,202605,EASTERN EUROPE-EU,LITHUANIA,STANSTED,PALANGA,7997,7997,0,9184,9184,0,-12.924652
28/07/2026 12:05,202605,EASTERN EUROPE-EU,LITHUANIA,STANSTED,VILNIUS,10909,10909,0,9398,9398,0,16.077889
28/07/2026 12:05,202605,EASTERN EUROPE-EU,LITHUANIA,BELFAST INTERNATIONAL,KAUNAS,0,0,0,2771,2771,0,-100
28/07/2026 12:05,202605,EASTERN EUROPE-EU,LITHUANIA,BIGGIN HILL,KAUNAS,2,0,2,5,0,5,-60
28/07/2026 12:05,202605,EASTERN EUROPE-EU,LITHUANIA,BRISTOL,KAUNAS,2966,2966,0,5620,5620,0,-47.224199
28/07/2026 12:05,202605,EASTERN EUROPE-EU,LITHUANIA,EDINBURGH,KAUNAS,6434,6434,0,4616,4616,0,39.384749
28/07/2026 12:05,202605,EASTERN EUROPE-EU,LITHUANIA,LIVERPOOL (JOHN LENNON),KAUNAS,6334,6334,0,5121,5121,0,23.68678
28/07/2026 12:05,202605,EASTERN EUROPE-EU,POLAND,GATWICK,KRAKOW,27589,27402,187,25274,25274,0,9.159611
28/07/2026 12:05,202605,EASTERN EUROPE-EU,POLAND,GATWICK,RZESZOW,159,0,159,0,0,0,0
28/07/2026 12:05,202605,EASTERN EUROPE-EU,POLAND,GATWICK,WROCLAW,0,0,0,297,0,297,-100
28/07/2026 12:05,202605,EASTERN EUROPE-EU,POLAND,HEATHROW,KRAKOW,8976,8976,0,6571,6571,0,36.600213
28/07/2026 12:05,202605,EASTERN EUROPE-EU,POLAND,HEATHROW,WARSAW (CHOPIN),51481,51481,0,49160,49160,0,4.721318
28/07/2026 12:05,202605,EASTERN EUROPE-EU,POLAND,LUTON,BYDGOSZCZ,4476,4476,0,4692,4692,0,-4.603581
28/07/2026 12:05,202605,EASTERN EUROPE-EU,POLAND,LUTON,GDANSK,21872,21872,0,27193,27193,0,-19.567536
28/07/2026 12:05,202605,EASTERN EUROPE-EU,POLAND,LUTON,KATOWICE,18915,18915,0,21199,21199,0,-10.774093
28/07/2026 12:05,202605,EASTERN EUROPE-EU,POLAND,LUTON,KRAKOW,12714,12714,0,27239,27239,0,-53.324278
28/07/2026 12:05,202605,EASTERN EUROPE-EU,POLAND,LUTON,LUBLIN (PORT LOTNICZY),24713,24713,0,23676,23676,0,4.379963
28/07/2026 12:05,202605,EASTERN EUROPE-EU,POLAND,LUTON,POZNAN,13292,13292,0,13280,13280,0,0.090361
28/07/2026 12:05,202605,EASTERN EUROPE-EU,POLAND,LUTON,RZESZOW,4846,4846,0,4808,4808,0,0.790349
28/07/2026 12:05,202605,EASTERN EUROPE-EU,POLAND,LUTON,WARSAW (CHOPIN),40827,40827,0,40383,40383,0,1.099473
28/07/2026 12:05,202605,EASTERN EUROPE-EU,POLAND,LUTON,WROCLAW,18370,18370,0,13846,13480,366,32.673696
28/07/2026 12:05,202605,EASTERN EUROPE-EU,POLAND,STANSTED,BYDGOSZCZ,6039,6039,0,5941,5941,0,1.649554
28/07/2026 12:05,202605,EASTERN EUROPE-EU,POLAND,STANSTED,GDANSK,24775,24775,0,18689,18689,0,32.56461
28/07/2026 12:05,202605,EASTERN EUROPE-EU,POLAND,STANSTED,KATOWICE,15814,15479,335,16907,16907,0,-6.464778
28/07/2026 12:05,202605,EASTERN EUROPE-EU,POLAND,STANSTED,KRAKOW,34327,34327,0,27238,27238,0,26.02614
28/07/2026 12:05,202605,EASTERN EUROPE-EU,POLAND,STANSTED,LODZ LUBLINEK,13747,13747,0,9689,9689,0,41.882547
28/07/2026 12:05,202605,EASTERN EUROPE-EU,POLAND,STANSTED,POZNAN,18231,18231,0,18889,18889,0,-3.483509
28/07/2026 12:05,202605,EASTERN EUROPE-EU,POLAND,STANSTED,RZESZOW,11143,11143,0,9980,9980,0,11.653307
28/07/2026 12:05,202605,EASTERN EUROPE-EU,POLAND,STANSTED,SZCZECIN (GOLENOW),9347,9347,0,11242,11242,0,-16.856431
28/07/2026 12:05,202605,EASTERN EUROPE-EU,POLAND,STANSTED,SZYMANY (MAZURY),2863,2863,0,4435,4435,0,-35.445321
28/07/2026 12:05,202605,EASTERN EUROPE-EU,POLAND,STANSTED,WARSAW (CHOPIN),147,0,147,0,0,0,0
28/07/2026 12:05,202605,EASTERN EUROPE-EU,POLAND,STANSTED,WARSAW (MODLIN MASOVIA),20472,20472,0,11318,11318,0,80.880014
28/07/2026 12:05,202605,EASTERN EUROPE-EU,POLAND,STANSTED,WROCLAW,22700,22700,0,22903,22903,0,-0.886347
28/07/2026 12:05,202605,EASTERN EUROPE-EU,POLAND,ABERDEEN,GDANSK,6706,6706,0,5145,5145,0,30.340136
28/07/2026 12:05,202605,EASTERN EUROPE-EU,POLAND,ABERDEEN,KRAKOW,4046,4046,0,3260,3260,0,24.110429
28/07/2026 12:05,202605,EASTERN EUROPE-EU,POLAND,BELFAST INTERNATIONAL,GDANSK,0,0,0,3128,3128,0,-100
28/07/2026 12:05,202605,EASTERN EUROPE-EU,POLAND,BELFAST INTERNATIONAL,KRAKOW,5828,5828,0,5229,5229,0,11.455345
28/07/2026 12:05,202605,EASTERN EUROPE-EU,POLAND,BIGGIN HILL,WROCLAW,0,0,0,10,0,10,-100
28/07/2026 12:05,202605,EASTERN EUROPE-EU,POLAND,BIRMINGHAM,BYDGOSZCZ,6107,6107,0,4786,4786,0,27.601337
28/07/2026 12:05,202605,EASTERN EUROPE-EU,POLAND,BIRMINGHAM,KRAKOW,19109,19109,0,15953,15953,0,19.783113
28/07/2026 12:05,202605,EASTERN EUROPE-EU,POLAND,BIRMINGHAM,LODZ LUBLINEK,2915,2915,0,3242,3242,0,-10.086366
28/07/2026 12:05,202605,EASTERN EUROPE-EU,POLAND,BIRMINGHAM,POZNAN,3233,3233,0,4397,4397,0,-26.472595
28/07/2026 12:05,202605,EASTERN EUROPE-EU,POLAND,BIRMINGHAM,WARSAW (MODLIN MASOVIA),4896,4896,0,0,0,0,0
28/07/2026 12:05,202605,EASTERN EUROPE-EU,POLAND,BOURNEMOUTH,KRAKOW,4999,4999,0,6064,6064,0,-17.562665
28/07/2026 12:05,202605,EASTERN EUROPE-EU,POLAND,BOURNEMOUTH,WROCLAW,3197,3197,0,4466,4466,0,-28.414689
28/07/2026 12:05,202605,EASTERN EUROPE-EU,POLAND,BRISTOL,BYDGOSZCZ,3116,3116,0,3228,3228,0,-3.469641
28/07/2026 12:05,202605,EASTERN EUROPE-EU,POLAND,BRISTOL,GDANSK,4232,4232,0,3402,3402,0,24.397413
28/07/2026 12:05,202605,EASTERN EUROPE-EU,POLAND,BRISTOL,KRAKOW,18224,18224,0,13920,13920,0,30.91954
28/07/2026 12:05,202605,EASTERN EUROPE-EU,POLAND,BRISTOL,POZNAN,3215,3215,0,4434,4434,0,-27.492106
28/07/2026 12:05,202605,EASTERN EUROPE-EU,POLAND,BRISTOL,RZESZOW,4697,4697,0,4694,4694,0,0.063911
28/07/2026 12:05,202605,EASTERN EUROPE-EU,POLAND,BRISTOL,WROCLAW,6047,6047,0,6397,6397,0,-5.471315
28/07/2026 12:05,202605,EASTERN EUROPE-EU,POLAND,EAST MIDLANDS INTERNATIONAL,KRAKOW,7753,7753,0,6663,6663,0,16.358997
28/07/2026 12:05,202605,EASTERN EUROPE-EU,POLAND,EAST MIDLANDS INTERNATIONAL,WROCLAW,7829,7829,0,6636,6636,0,17.977697
28/07/2026 12:05,202605,EASTERN EUROPE-EU,POLAND,EDINBURGH,GDANSK,10782,10782,0,8508,8508,0,26.727786
28/07/2026 12:05,202605,EASTERN EUROPE-EU,POLAND,EDINBURGH,KRAKOW,18702,18702,0,14578,14578,0,28.289203
28/07/2026 12:05,202605,EASTERN EUROPE-EU,POLAND,EDINBURGH,POZNAN,6250,6250,0,10004,10004,0,-37.52499
28/07/2026 12:05,202605,EASTERN EUROPE-EU,POLAND,EDINBURGH,RZESZOW,2951,2951,0,0,0,0,0
28/07/2026 12:05,202605,EASTERN EUROPE-EU,POLAND,EDINBURGH,WARSAW (MODLIN MASOVIA),6273,6273,0,3442,3442,0,82.248693
28/07/2026 12:05,202605,EASTERN EUROPE-EU,POLAND,EDINBURGH,WROCLAW,4553,4553,0,4639,4639,0,-1.853848
28/07/2026 12:05,202605,EASTERN EUROPE-EU,POLAND,GLASGOW,KRAKOW,6978,6978,0,6319,6319,0,10.428865
28/07/2026 12:05,202605,EASTERN EUROPE-EU,POLAND,GLASGOW,WARSAW (MODLIN MASOVIA),3338,3338,0,0,0,0,0
28/07/2026 12:05,202605,EASTERN EUROPE-EU,POLAND,GLASGOW,WROCLAW,2984,2984,0,2782,2782,0,7.260963
28/07/2026 12:05,202605,EASTERN EUROPE-EU,POLAND,LEEDS BRADFORD,GDANSK,7534,7534,0,11313,11313,0,-33.404048
28/07/2026 12:05,202605,EASTERN EUROPE-EU,POLAND,LEEDS BRADFORD,KRAKOW,15414,15414,0,12537,12537,0,22.948074
28/07/2026 12:05,202605,EASTERN EUROPE-EU,POLAND,LEEDS BRADFORD,POZNAN,4547,4547,0,3050,3050,0,49.081967
28/07/2026 12:05,202605,EASTERN EUROPE-EU,POLAND,LEEDS BRADFORD,WARSAW (CHOPIN),9328,9328,0,5916,5916,0,57.674104
28/07/2026 12:05,202605,EASTERN EUROPE-EU,POLAND,LEEDS BRADFORD,WROCLAW,4145,4145,0,4933,4933,0,-15.974052
28/07/2026 12:05,202605,EASTERN EUROPE-EU,POLAND,LIVERPOOL (JOHN LENNON),GDANSK,0,0,0,4839,4839,0,-100
28/07/2026 12:05,202605,EASTERN EUROPE-EU,POLAND,LIVERPOOL (JOHN LENNON),KATOWICE,0,0,0,4491,4491,0,-100
28/07/2026 12:05,202605,EASTERN EUROPE-EU,POLAND,LIVERPOOL (JOHN LENNON),KRAKOW,11858,11858,0,7646,7646,0,55.087628
28/07/2026 12:05,202605,EASTERN EUROPE-EU,POLAND,LIVERPOOL (JOHN LENNON),POZNAN,2956,2956,0,4641,4641,0,-36.30683
28/07/2026 12:05,202605,EASTERN EUROPE-EU,POLAND,LIVERPOOL (JOHN LENNON),SZCZECIN (GOLENOW),2981,2981,0,5865,5865,0,-49.173061
28/07/2026 12:05,202605,EASTERN EUROPE-EU,POLAND,LIVERPOOL (JOHN LENNON),WARSAW (CHOPIN),6212,6212,0,8487,8487,0,-26.805703
28/07/2026 12:05,202605,EASTERN EUROPE-EU,POLAND,LIVERPOOL (JOHN LENNON),WARSAW (MODLIN MASOVIA),4895,4895,0,0,0,0,0
28/07/2026 12:05,202605,EASTERN EUROPE-EU,POLAND,LIVERPOOL (JOHN LENNON),WROCLAW,2868,2868,0,3173,3173,0,-9.612354
28/07/2026 12:05,202605,EASTERN EUROPE-EU,POLAND,MANCHESTER,GDANSK,8282,8282,0,4837,4837,0,71.221832
28/07/2026 12:05,202605,EASTERN EUROPE-EU,POLAND,MANCHESTER,KATOWICE,4524,4524,0,5064,5064,0,-10.663507
28/07/2026 12:05,202605,EASTERN EUROPE-EU,POLAND,MANCHESTER,KRAKOW,23072,23072,0,23508,23508,0,-1.854688
28/07/2026 12:05,202605,EASTERN EUROPE-EU,POLAND,MANCHESTER,POZNAN,4353,4353,0,2760,2760,0,57.717391
28/07/2026 12:05,202605,EASTERN EUROPE-EU,POLAND,MANCHESTER,RZESZOW,3287,3287,0,4307,4307,0,-23.682378
28/07/2026 12:05,202605,EASTERN EUROPE-EU,POLAND,MANCHESTER,WARSAW (CHOPIN),5080,5080,0,3318,3318,0,53.10428
28/07/2026 12:05,202605,EASTERN EUROPE-EU,POLAND,MANCHESTER,WROCLAW,4422,4422,0,3346,3346,0,32.1578
28/07/2026 12:05,202605,EASTERN EUROPE-EU,POLAND,NEWCASTLE,GDANSK,4142,4142,0,2970,2970,0,39.461279
28/07/2026 12:05,202605,EASTERN EUROPE-EU,POLAND,NEWCASTLE,KRAKOW,6645,6645,0,5054,5054,0,31.480016
28/07/2026 12:05,202605,EASTERN EUROPE-EU,POLAND,NEWCASTLE,WROCLAW,2492,2492,0,2844,2844,0,-12.376934
28/07/2026 12:05,202605,EASTERN EUROPE-EU,ROMANIA,GATWICK,BUCHAREST (OTOPENI),93,0,93,64,0,64,45.3125
28/07/2026 12:05,202605,EASTERN EUROPE-EU,ROMANIA,HEATHROW,BUCHAREST (OTOPENI),19340,19340,0,18900,18900,0,2.328042
28/07/2026 12:05,202605,EASTERN EUROPE-EU,ROMANIA,LUTON,BACAU,19524,19524,0,18989,18989,0,2.817421
28/07/2026 12:05,202605,EASTERN EUROPE-EU,ROMANIA,LUTON,BRASOV-GHIMBAV,10112,10112,0,9703,9703,0,4.215191
28/07/2026 12:05,202605,EASTERN EUROPE-EU,ROMANIA,LUTON,BUCHAREST (BANEASA),0,0,0,11618,11618,0,-100
28/07/2026 12:05,202605,EASTERN EUROPE-EU,ROMANIA,LUTON,BUCHAREST (OTOPENI),46985,46985,0,47513,47513,0,-1.111275
28/07/2026 12:05,202605,EASTERN EUROPE-EU,ROMANIA,LUTON,CLUJ NAPOCA,17878,17878,0,18844,18844,0,-5.1263
28/07/2026 12:05,202605,EASTERN EUROPE-EU,ROMANIA,LUTON,CONSTANTA,5693,5693,0,8527,8527,0,-33.235605
28/07/2026 12:05,202605,EASTERN EUROPE-EU,ROMANIA,LUTON,CRAIOVA,14046,14046,0,11018,11018,0,27.482302
28/07/2026 12:05,202605,EASTERN EUROPE-EU,ROMANIA,LUTON,IASI,14193,14193,0,21442,21442,0,-33.807481
28/07/2026 12:05,202605,EASTERN EUROPE-EU,ROMANIA,LUTON,SATU MARE,5798,5798,0,7630,7630,0,-24.010485
28/07/2026 12:05,202605,EASTERN EUROPE-EU,ROMANIA,LUTON,SIBIU,7693,7693,0,10683,10683,0,-27.988393
28/07/2026 12:05,202605,EASTERN EUROPE-EU,ROMANIA,LUTON,SUCEAVA,25779,25779,0,27219,27219,0,-5.290422
28/07/2026 12:05,202605,EASTERN EUROPE-EU,ROMANIA,LUTON,TIMISOARA,9452,9452,0,10962,10962,0,-13.774859
28/07/2026 12:05,202605,EASTERN EUROPE-EU,ROMANIA,LUTON,TIRGU MURES,4278,4278,0,0,0,0,0
28/07/2026 12:05,202605,EASTERN EUROPE-EU,ROMANIA,STANSTED,BUCHAREST (OTOPENI),38344,38344,0,38220,38220,0,0.324437
28/07/2026 12:05,202605,EASTERN EUROPE-EU,ROMANIA,STANSTED,CLUJ NAPOCA,5903,5903,0,6229,6229,0,-5.233585
28/07/2026 12:05,202605,EASTERN EUROPE-EU,ROMANIA,STANSTED,ORADEA,686,686,0,1347,1347,0,-49.072012
28/07/2026 12:05,202605,EASTERN EUROPE-EU,ROMANIA,BIRMINGHAM,BUCHAREST (OTOPENI),16724,16724,0,15869,15869,0,5.387863
28/07/2026 12:05,202605,EASTERN EUROPE-EU,ROMANIA,BIRMINGHAM,CRAIOVA,4864,4864,0,3133,3133,0,55.250559
28/07/2026 12:05,202605,EASTERN EUROPE-EU,ROMANIA,BIRMINGHAM,SUCEAVA,4178,4178,0,0,0,0,0
28/07/2026 12:05,202605,EASTERN EUROPE-EU,ROMANIA,BOURNEMOUTH,BUCHAREST (OTOPENI),0,0,0,92,0,92,-100
28/07/2026 12:05,202605,EASTERN EUROPE-EU,ROMANIA,BRISTOL,BUCHAREST (OTOPENI),3769,3769,0,5070,5070,0,-25.66075
28/07/2026 12:05,202605,EASTERN EUROPE-EU,ROMANIA,EDINBURGH,BUCHAREST (OTOPENI),4933,4933,0,3473,3473,0,42.038583
28/07/2026 12:05,202605,EASTERN EUROPE-EU,ROMANIA,LEEDS BRADFORD,BUCHAREST (OTOPENI),12299,12299,0,10847,10847,0,13.38619
28/07/2026 12:05,202605,EASTERN EUROPE-EU,ROMANIA,LEEDS BRADFORD,CLUJ NAPOCA,3887,3887,0,3145,3145,0,23.593005
28/07/2026 12:05,202605,EASTERN EUROPE-EU,ROMANIA,LIVERPOOL (JOHN LENNON),BUCHAREST (OTOPENI),6543,6543,0,3788,3788,0,72.729673
28/07/2026 12:05,202605,EASTERN EUROPE-EU,ROMANIA,LIVERPOOL (JOHN LENNON),IASI,4025,4025,0,4541,4541,0,-11.363136
28/07/2026 12:05,202605,EASTERN EUROPE-EU,ROMANIA,MANCHESTER,BUCHAREST (OTOPENI),5182,5182,0,4811,4811,0,7.711494
28/07/2026 12:05,202605,EASTERN EUROPE-EU,SLOVAK REPUBLIC,LUTON,BRATISLAVA,12870,12870,0,12362,12362,0,4.109367
28/07/2026 12:05,202605,EASTERN EUROPE-EU,SLOVAK REPUBLIC,LUTON,KOSICE,9952,9952,0,9898,9898,0,0.545565
28/07/2026 12:05,202605,EASTERN EUROPE-EU,SLOVAK REPUBLIC,LUTON,TATRY-POPRAD,3717,3717,0,3970,3970,0,-6.372796
28/07/2026 12:05,202605,EASTERN EUROPE-EU,SLOVAK REPUBLIC,STANSTED,BRATISLAVA,15308,14228,1080,9221,9221,0,66.012363
28/07/2026 12:05,202605,EASTERN EUROPE-EU,SLOVAK REPUBLIC,STANSTED,KOSICE,7510,7510,0,7462,7462,0,0.643259
28/07/2026 12:05,202605,EASTERN EUROPE-EU,SLOVAK REPUBLIC,STANSTED,TATRY-POPRAD,0,0,0,2925,2925,0,-100
28/07/2026 12:05,202605,EASTERN EUROPE-EU,SLOVAK REPUBLIC,BIGGIN HILL,BRATISLAVA,9,0,9,0,0,0,0
28/07/2026 12:05,202605,EASTERN EUROPE-EU,SLOVAK REPUBLIC,EDINBURGH,BRATISLAVA,4574,4574,0,5553,5553,0,-17.63011
28/07/2026 12:05,202605,EASTERN EUROPE-EU,SLOVAK REPUBLIC,LEEDS BRADFORD,BRATISLAVA,2565,2565,0,2915,2915,0,-12.006861
28/07/2026 12:05,202605,EASTERN EUROPE-EU,SLOVAK REPUBLIC,LIVERPOOL (JOHN LENNON),KOSICE,3096,3096,0,4505,4505,0,-31.27636
28/07/2026 12:05,202605,EASTERN EUROPE-EU,SLOVAK REPUBLIC,MANCHESTER,BRATISLAVA,4517,4517,0,7311,7311,0,-38.216386
28/07/2026 12:05,202605,EASTERN EUROPE -OTHER,ALBANIA,GATWICK,TIRANA,11849,11849,0,96,0,96,12242.708333
28/07/2026 12:05,202605,EASTERN EUROPE -OTHER,ALBANIA,HEATHROW,TIRANA,17328,17328,0,7743,7743,0,123.789229
28/07/2026 12:05,202605,EASTERN EUROPE -OTHER,ALBANIA,LUTON,TIRANA,55449,55449,0,46227,46227,0,19.94938
28/07/2026 12:05,202605,EASTERN EUROPE -OTHER,ALBANIA,STANSTED,TIRANA,32988,32988,0,31331,31331,0,5.288692
28/07/2026 12:05,202605,EASTERN EUROPE -OTHER,ALBANIA,BIRMINGHAM,TIRANA,3379,3379,0,0,0,0,0
28/07/2026 12:05,202605,EASTERN EUROPE -OTHER,ALBANIA,EDINBURGH,TIRANA,3218,3218,0,3296,3296,0,-2.366505
28/07/2026 12:05,202605,EASTERN EUROPE -OTHER,ALBANIA,LIVERPOOL (JOHN LENNON),TIRANA,3050,3050,0,0,0,0,0
28/07/2026 12:05,202605,EASTERN EUROPE -OTHER,ALBANIA,MANCHESTER,TIRANA,6326,6326,0,4673,4673,0,35.373422
28/07/2026 12:05,202605,EASTERN EUROPE -OTHER,ARMENIA,LUTON,YEREVAN,194,194,0,0,0,0,0
28/07/2026 12:05,202605,EASTERN EUROPE -OTHER,AZERBAIJAN,GATWICK,BAKU (HEYDER ALIYEV INT'L),4400,4400,0,3340,3340,0,31.736527
28/07/2026 12:05,202605,EASTERN EUROPE -OTHER,AZERBAIJAN,HEATHROW,BAKU (HEYDER ALIYEV INT'L),3068,3068,0,3535,3535,0,-13.21075
28/07/2026 12:05,202605,EASTERN EUROPE -OTHER,GEORGIA,GATWICK,TBILISI,103,0,103,0,0,0,0
28/07/2026 12:05,202605,EASTERN EUROPE -OTHER,GEORGIA,HEATHROW,TBILISI,5320,5320,0,4707,4707,0,13.023157
28/07/2026 12:05,202605,EASTERN EUROPE -OTHER,GEORGIA,LUTON,TBILISI,3179,3179,0,3088,3088,0,2.946891
28/07/2026 12:05,202605,EASTERN EUROPE -OTHER,KAZAKHSTAN,HEATHROW,ALMATY,2738,2738,0,2338,2338,0,17.10864
28/07/2026 12:05,202605,EASTERN EUROPE -OTHER,REPUBLIC OF MOLDOVA,LUTON,CHISINAU INTERNATIONAL,27613,27613,0,26629,26629,0,3.695219
28/07/2026 12:05,202605,EASTERN EUROPE -OTHER,REPUBLIC OF MOLDOVA,STANSTED,CHISINAU INTERNATIONAL,2780,2780,0,7398,7398,0,-62.422276
28/07/2026 12:05,202605,EASTERN EUROPE -OTHER,REPUBLIC OF MOLDOVA,BIGGIN HILL,CHISINAU INTERNATIONAL,0,0,0,3,0,3,-100
28/07/2026 12:05,202605,EASTERN EUROPE -OTHER,REPUBLIC OF MOLDOVA,MANCHESTER,CHISINAU INTERNATIONAL,0,0,0,1304,1304,0,-100
28/07/2026 12:05,202605,EASTERN EUROPE -OTHER,TURKMENISTAN,GATWICK,ASHKHABAD,1440,1440,0,873,873,0,64.948454
28/07/2026 12:05,202605,EASTERN EUROPE -OTHER,UZBEKISTAN,GATWICK,TASHKENT,1442,1442,0,1018,1018,0,41.650295
28/07/2026 12:05,202605,EASTERN EUROPE -OTHER,UZBEKISTAN,HEATHROW,TASHKENT,3653,3653,0,2637,2637,0,38.528631
28/07/2026 12:05,202605,NEAR EAST,ISRAEL,HEATHROW,TEL AVIV,23643,23643,0,27436,27436,0,-13.824902
28/07/2026 12:05,202605,NEAR EAST,ISRAEL,LUTON,TEL AVIV,20885,20885,0,30945,30839,106,-32.509291
28/07/2026 12:05,202605,NEAR EAST,ISRAEL,STANSTED,TEL AVIV,4047,4047,0,0,0,0,0
28/07/2026 12:05,202605,NEAR EAST,JORDAN,HEATHROW,AMMAN,12492,12492,0,19276,19276,0,-35.194024
28/07/2026 12:05,202605,NEAR EAST,JORDAN,LUTON,AMMAN,0,0,0,6422,6422,0,-100
28/07/2026 12:05,202605,NEAR EAST,JORDAN,STANSTED,AMMAN,0,0,0,1853,1853,0,-100
28/07/2026 12:05,202605,NEAR EAST,JORDAN,MANCHESTER,AMMAN,253,253,0,2004,2004,0,-87.37525
28/07/2026 12:05,202605,NEAR EAST,LEBANON,HEATHROW,BEIRUT,7047,7047,0,14252,14252,0,-50.554308
28/07/2026 12:05,202605,NORTH AFRICA,ALGERIA,GATWICK,ALGIERS,6020,6020,0,4658,4658,0,29.240017
28/07/2026 12:05,202605,NORTH AFRICA,ALGERIA,HEATHROW,ALGIERS,4785,4785,0,6265,6265,0,-23.623304
28/07/2026 12:05,202605,NORTH AFRICA,ALGERIA,STANSTED,ALGIERS,4752,4752,0,2745,2745,0,73.114754
28/07/2026 12:05,202605,NORTH AFRICA,EGYPT,GATWICK,HURGHADA,19805,19805,0,22159,22159,0,-10.623223
28/07/2026 12:05,202605,NORTH AFRICA,EGYPT,GATWICK,SHARM EL SHEIKH (OPHIRA),23712,23712,0,24575,24575,0,-3.511699
28/07/2026 12:05,202605,NORTH AFRICA,EGYPT,HEATHROW,CAIRO,45878,45878,0,42128,42128,0,8.901443
28/07/2026 12:05,202605,NORTH AFRICA,EGYPT,HEATHROW,LUXOR,522,522,0,602,602,0,-13.289037
28/07/2026 12:05,202605,NORTH AFRICA,EGYPT,LUTON,HURGHADA,7478,7478,0,4329,4329,0,72.741973
28/07/2026 12:05,202605,NORTH AFRICA,EGYPT,LUTON,SHARM EL SHEIKH (OPHIRA),7410,7410,0,4894,4894,0,51.40989
28/07/2026 12:05,202605,NORTH AFRICA,EGYPT,LUTON,SPHINX INTERNATIONAL,4986,4986,0,10157,10157,0,-50.910702
28/07/2026 12:05,202605,NORTH AFRICA,EGYPT,STANSTED,LUXOR,41,0,41,0,0,0,0
28/07/2026 12:05,202605,NORTH AFRICA,EGYPT,STANSTED,SHARM EL SHEIKH (OPHIRA),1489,1489,0,1430,1430,0,4.125874
28/07/2026 12:05,202605,NORTH AFRICA,EGYPT,BELFAST INTERNATIONAL,HURGHADA,2928,2928,0,3034,3034,0,-3.493738
28/07/2026 12:05,202605,NORTH AFRICA,EGYPT,BIRMINGHAM,HURGHADA,6681,6681,0,3180,3180,0,110.09434
28/07/2026 12:05,202605,NORTH AFRICA,EGYPT,BIRMINGHAM,SHARM EL SHEIKH (OPHIRA),7821,7821,0,7719,7719,0,1.321415
28/07/2026 12:05,202605,NORTH AFRICA,EGYPT,BRISTOL,HURGHADA,6967,6967,0,5546,5546,0,25.62207
28/07/2026 12:05,202605,NORTH AFRICA,EGYPT,BRISTOL,SHARM EL SHEIKH (OPHIRA),6053,6053,0,6024,6024,0,0.481408
28/07/2026 12:05,202605,NORTH AFRICA,EGYPT,CARDIFF WALES,HURGHADA,1202,0,1202,0,0,0,0
28/07/2026 12:05,202605,NORTH AFRICA,EGYPT,EAST MIDLANDS INTERNATIONAL,HURGHADA,2840,2840,0,2713,2713,0,4.681165
28/07/2026 12:05,202605,NORTH AFRICA,EGYPT,EAST MIDLANDS INTERNATIONAL,SHARM EL SHEIKH (OPHIRA),2533,2533,0,0,0,0,0
28/07/2026 12:05,202605,NORTH AFRICA,EGYPT,GLASGOW,HURGHADA,3012,3012,0,3175,3175,0,-5.133858
28/07/2026 12:05,202605,NORTH AFRICA,EGYPT,GLASGOW,SHARM EL SHEIKH (OPHIRA),2571,2571,0,1562,127,1435,64.596671
28/07/2026 12:05,202605,NORTH AFRICA,EGYPT,LIVERPOOL (JOHN LENNON),HURGHADA,3052,3052,0,3182,3182,0,-4.085481
28/07/2026 12:05,202605,NORTH AFRICA,EGYPT,LIVERPOOL (JOHN LENNON),SHARM EL SHEIKH (OPHIRA),2904,2904,0,3081,3081,0,-5.744888
28/07/2026 12:05,202605,NORTH AFRICA,EGYPT,MANCHESTER,CAIRO,8475,8475,0,7951,7951,0,6.590366
28/07/2026 12:05,202605,NORTH AFRICA,EGYPT,MANCHESTER,HURGHADA,13554,13554,0,15542,15542,0,-12.791147
28/07/2026 12:05,202605,NORTH AFRICA,EGYPT,MANCHESTER,SHARM EL SHEIKH (OPHIRA),13823,13823,0,14624,14624,0,-5.477298
28/07/2026 12:05,202605,NORTH AFRICA,EGYPT,NEWCASTLE,HURGHADA,2861,2861,0,2702,2702,0,5.88453
28/07/2026 12:05,202605,NORTH AFRICA,EGYPT,NEWCASTLE,SHARM EL SHEIKH (OPHIRA),2926,2926,0,2905,2905,0,0.722892
28/07/2026 12:05,202605,NORTH AFRICA,MOROCCO,GATWICK,AGADIR (AL MASSIRA),9994,9994,0,13574,13574,0,-26.37395
28/07/2026 12:05,202605,NORTH AFRICA,MOROCCO,GATWICK,CASABLANCA MOHAMED V,7599,7599,0,7305,7305,0,4.024641
28/07/2026 12:05,202605,NORTH AFRICA,MOROCCO,GATWICK,MARRAKESH,39576,39576,0,49702,49702,0,-20.373426
28/07/2026 12:05,202605,NORTH AFRICA,MOROCCO,GATWICK,RABAT,1731,1731,0,0,0,0,0
28/07/2026 12:05,202605,NORTH AFRICA,MOROCCO,GATWICK,TANGIERS (IBN BATUTA),2575,2575,0,3916,3916,0,-34.244127
28/07/2026 12:05,202605,NORTH AFRICA,MOROCCO,GATWICK,TETOUAN,667,667,0,0,0,0,0
28/07/2026 12:05,202605,NORTH AFRICA,MOROCCO,HEATHROW,CASABLANCA MOHAMED V,10056,10056,0,8953,8953,0,12.319893
28/07/2026 12:05,202605,NORTH AFRICA,MOROCCO,HEATHROW,MARRAKESH,4539,4539,0,4840,4840,0,-6.219008
28/07/2026 12:05,202605,NORTH AFRICA,MOROCCO,LUTON,AGADIR (AL MASSIRA),5181,5181,0,5138,5138,0,0.836902
28/07/2026 12:05,202605,NORTH AFRICA,MOROCCO,LUTON,MARRAKESH,5916,5916,0,5508,5508,0,7.407407
28/07/2026 12:05,202605,NORTH AFRICA,MOROCCO,SOUTHEND,MARRAKESH,4041,4041,0,4445,4445,0,-9.088864
28/07/2026 12:05,202605,NORTH AFRICA,MOROCCO,STANSTED,AGADIR (AL MASSIRA),13759,13759,0,9226,9226,0,49.132885
28/07/2026 12:05,202605,NORTH AFRICA,MOROCCO,STANSTED,CASABLANCA MOHAMED V,1818,1818,0,0,0,0,0
28/07/2026 12:05,202605,NORTH AFRICA,MOROCCO,STANSTED,ESSAOUIRA,2482,2482,0,2849,2849,0,-12.881713
28/07/2026 12:05,202605,NORTH AFRICA,MOROCCO,STANSTED,FEZ,5251,5251,0,3229,3229,0,62.620006
28/07/2026 12:05,202605,NORTH AFRICA,MOROCCO,STANSTED,MARRAKESH,28068,28068,0,24639,24639,0,13.916961
28/07/2026 12:05,202605,NORTH AFRICA,MOROCCO,STANSTED,OUARZAZATE,0,0,0,1305,1305,0,-100
28/07/2026 12:05,202605,NORTH AFRICA,MOROCCO,STANSTED,RABAT,7210,7210,0,6255,6255,0,15.267786
28/07/2026 12:05,202605,NORTH AFRICA,MOROCCO,STANSTED,TANGIERS (IBN BATUTA),7526,7526,0,4652,4652,0,61.77988
28/07/2026 12:05,202605,NORTH AFRICA,MOROCCO,BELFAST INTERNATIONAL,MARRAKESH,571,571,0,0,0,0,0
28/07/2026 12:05,202605,NORTH AFRICA,MOROCCO,BIRMINGHAM,AGADIR (AL MASSIRA),9309,9309,0,6007,6007,0,54.969203
28/07/2026 12:05,202605,NORTH AFRICA,MOROCCO,BIRMINGHAM,MARRAKESH,12254,12254,0,9533,9533,0,28.542956
28/07/2026 12:05,202605,NORTH AFRICA,MOROCCO,BRISTOL,AGADIR (AL MASSIRA),3517,3517,0,3427,3427,0,2.626204
28/07/2026 12:05,202605,NORTH AFRICA,MOROCCO,BRISTOL,MARRAKESH,6004,6004,0,4768,4768,0,25.922819
28/07/2026 12:05,202605,NORTH AFRICA,MOROCCO,EDINBURGH,AGADIR (AL MASSIRA),5734,5734,0,5246,5246,0,9.302326
28/07/2026 12:05,202605,NORTH AFRICA,MOROCCO,EDINBURGH,MARRAKESH,6054,6054,0,6196,6196,0,-2.291801
28/07/2026 12:05,202605,NORTH AFRICA,MOROCCO,GLASGOW,AGADIR (AL MASSIRA),1004,1004,0,961,961,0,4.474506
28/07/2026 12:05,202605,NORTH AFRICA,MOROCCO,GLASGOW,MARRAKESH,925,925,0,0,0,0,0
28/07/2026 12:05,202605,NORTH AFRICA,MOROCCO,LEEDS BRADFORD,AGADIR (AL MASSIRA),5915,5915,0,1421,1421,0,316.256158
28/07/2026 12:05,202605,NORTH AFRICA,MOROCCO,LIVERPOOL (JOHN LENNON),MARRAKESH,4857,4857,0,2471,2471,0,96.560097
28/07/2026 12:05,202605,NORTH AFRICA,MOROCCO,MANCHESTER,AGADIR (AL MASSIRA),21523,21523,0,17216,17216,0,25.017426
28/07/2026 12:05,202605,NORTH AFRICA,MOROCCO,MANCHESTER,CASABLANCA MOHAMED V,3642,3642,0,2472,2472,0,47.330097
28/07/2026 12:05,202605,NORTH AFRICA,MOROCCO,MANCHESTER,MARRAKESH,23576,23576,0,26822,26822,0,-12.102006
28/07/2026 12:05,202605,NORTH AFRICA,MOROCCO,MANCHESTER,RABAT,2783,2783,0,2698,2698,0,3.150482
28/07/2026 12:05,202605,NORTH AFRICA,MOROCCO,MANCHESTER,TANGIERS (IBN BATUTA),3119,3119,0,3124,3124,0,-0.160051
28/07/2026 12:05,202605,NORTH AFRICA,MOROCCO,NEWCASTLE,AGADIR (AL MASSIRA),1081,1081,0,1255,1255,0,-13.864542
28/07/2026 12:05,202605,NORTH AFRICA,MOROCCO,NEWCASTLE,MARRAKESH,4280,4280,0,0,0,0,0
28/07/2026 12:05,202605,NORTH AFRICA,TUNISIA,GATWICK,ENFIDHA - HAMMAMET INTL,21945,18122,3823,18400,15131,3269,19.266304
28/07/2026 12:05,202605,NORTH AFRICA,TUNISIA,GATWICK,TUNIS,6873,6873,0,8488,8488,0,-19.026861
28/07/2026 12:05,202605,NORTH AFRICA,TUNISIA,HEATHROW,TUNIS,626,626,0,803,803,0,-22.042341
28/07/2026 12:05,202605,NORTH AFRICA,TUNISIA,LUTON,ENFIDHA - HAMMAMET INTL,9007,9007,0,10272,7384,2888,-12.315031
28/07/2026 12:05,202605,NORTH AFRICA,TUNISIA,LUTON,JERBA,2739,2739,0,2624,2624,0,4.382622
28/07/2026 12:05,202605,NORTH AFRICA,TUNISIA,SOUTHEND,ENFIDHA - HAMMAMET INTL,4606,4606,0,4487,4487,0,2.652106
28/07/2026 12:05,202605,NORTH AFRICA,TUNISIA,STANSTED,ENFIDHA - HAMMAMET INTL,4053,0,4053,2782,0,2782,45.686556
28/07/2026 12:05,202605,NORTH AFRICA,TUNISIA,BELFAST INTERNATIONAL,ENFIDHA - HAMMAMET INTL,2709,2709,0,2684,2684,0,0.931446
28/07/2026 12:05,202605,NORTH AFRICA,TUNISIA,BIRMINGHAM,ENFIDHA - HAMMAMET INTL,9275,4400,4875,7950,4633,3317,16.666667
28/07/2026 12:05,202605,NORTH AFRICA,TUNISIA,BRISTOL,ENFIDHA - HAMMAMET INTL,7743,6102,1641,4967,4967,0,55.888867
28/07/2026 12:05,202605,NORTH AFRICA,TUNISIA,CARDIFF WALES,ENFIDHA - HAMMAMET INTL,3660,0,3660,3110,0,3110,17.684887
28/07/2026 12:05,202605,NORTH AFRICA,TUNISIA,EAST MIDLANDS INTERNATIONAL,ENFIDHA - HAMMAMET INTL,6155,0,6155,3498,0,3498,75.95769
28/07/2026 12:05,202605,NORTH AFRICA,TUNISIA,EDINBURGH,ENFIDHA - HAMMAMET INTL,2900,2900,0,2594,2594,0,11.796453
28/07/2026 12:05,202605,NORTH AFRICA,TUNISIA,GLASGOW,ENFIDHA - HAMMAMET INTL,5363,2615,2748,5902,3097,2805,-9.132497
28/07/2026 12:05,202605,NORTH AFRICA,TUNISIA,LIVERPOOL (JOHN LENNON),ENFIDHA - HAMMAMET INTL,3591,3591,0,4659,4659,0,-22.923374
28/07/2026 12:05,202605,NORTH AFRICA,TUNISIA,MANCHESTER,ENFIDHA - HAMMAMET INTL,17290,12263,5027,16534,13097,3437,4.572396
28/07/2026 12:05,202605,NORTH AFRICA,TUNISIA,MANCHESTER,JERBA,3167,3167,0,3132,3132,0,1.117497
28/07/2026 12:05,202605,NORTH AFRICA,TUNISIA,NEWCASTLE,ENFIDHA - HAMMAMET INTL,8167,8167,0,3622,3622,0,125.483158
28/07/2026 12:05,202605,EAST AFRICA,ETHIOPIA,GATWICK,ADDIS ABABA,5327,5327,0,7273,7273,0,-26.756497
28/07/2026 12:05,202605,EAST AFRICA,ETHIOPIA,HEATHROW,ADDIS ABABA,17361,17361,0,18573,18573,0,-6.525602
28/07/2026 12:05,202605,EAST AFRICA,ETHIOPIA,MANCHESTER,ADDIS ABABA,7105,7105,0,5830,5830,0,21.86964
28/07/2026 12:05,202605,EAST AFRICA,KENYA,GATWICK,NAIROBI,3563,3563,0,0,0,0,0
28/07/2026 12:05,202605,EAST AFRICA,KENYA,HEATHROW,NAIROBI,28367,28367,0,25472,25472,0,11.365421
28/07/2026 12:05,202605,EAST AFRICA,RWANDA,HEATHROW,KIGALI,4947,4947,0,8022,8022,0,-38.332087
28/07/2026 12:05,202605,EAST AFRICA,UGANDA,GATWICK,ENTEBBE,2043,2043,0,733,733,0,178.717599
28/07/2026 12:05,202605,WEST AFRICA,GAMBIA,MANCHESTER,BANJUL,0,0,0,186,0,186,-100
28/07/2026 12:05,202605,WEST AFRICA,GHANA,GATWICK,ACCRA,6430,6430,0,6123,6123,0,5.013882
28/07/2026 12:05,202605,WEST AFRICA,GHANA,HEATHROW,ACCRA,18172,18172,0,17696,17696,0,2.689873
28/07/2026 12:05,202605,WEST AFRICA,NIGERIA,GATWICK,ABUJA,1500,1500,0,0,0,0,0
28/07/2026 12:05,202605,WEST AFRICA,NIGERIA,GATWICK,LAGOS,9969,9969,0,11172,11172,0,-10.767991
28/07/2026 12:05,202605,WEST AFRICA,NIGERIA,HEATHROW,ABUJA,15725,15725,0,12715,12715,0,23.672827
28/07/2026 12:05,202605,WEST AFRICA,NIGERIA,HEATHROW,LAGOS,29818,29818,0,29416,29416,0,1.366603
28/07/2026 12:05,202605,SOUTHERN AFRICA,REPUBLIC OF SOUTH AFRICA,GATWICK,CAPE TOWN,6993,6993,0,0,0,0,0
28/07/2026 12:05,202605,SOUTHERN AFRICA,REPUBLIC OF SOUTH AFRICA,HEATHROW,CAPE TOWN,18658,18658,0,18742,18742,0,-0.448191
28/07/2026 12:05,202605,SOUTHERN AFRICA,REPUBLIC OF SOUTH AFRICA,HEATHROW,JOHANNESBURG,64075,64075,0,54982,54982,0,16.53814
28/07/2026 12:05,202605,MIDDLE EAST,BAHRAIN,GATWICK,BAHRAIN,0,0,0,6683,6213,470,-100
28/07/2026 12:05,202605,MIDDLE EAST,BAHRAIN,HEATHROW,BAHRAIN,24892,24892,0,32757,32757,0,-24.010135
28/07/2026 12:05,202605,MIDDLE EAST,BAHRAIN,MANCHESTER,BAHRAIN,3615,3615,0,11293,11293,0,-67.98902
28/07/2026 12:05,202605,MIDDLE EAST,IRAQ,GATWICK,ERBIL INTERNATIONAL,1153,1153,0,1186,1186,0,-2.782462
28/07/2026 12:05,202605,MIDDLE EAST,KUWAIT,HEATHROW,KUWAIT,11637,11637,0,27063,27063,0,-57.000333
28/07/2026 12:05,202605,MIDDLE EAST,KUWAIT,MANCHESTER,KUWAIT,1639,1639,0,3046,3046,0,-46.191727
28/07/2026 12:05,202605,MIDDLE EAST,OMAN,HEATHROW,MUSCAT,14507,14507,0,13473,13473,0,7.674608
28/07/2026 12:05,202605,MIDDLE EAST,QATAR,GATWICK,DOHA HAMAD,4060,4060,0,27574,27574,0,-85.275985
28/07/2026 12:05,202605,MIDDLE EAST,QATAR,HEATHROW,DOHA HAMAD,99051,99051,0,152544,152544,0,-35.067259
28/07/2026 12:05,202605,MIDDLE EAST,QATAR,BIRMINGHAM,DOHA HAMAD,9703,9703,0,13553,13553,0,-28.406995
28/07/2026 12:05,202605,MIDDLE EAST,QATAR,EDINBURGH,DOHA HAMAD,11230,11230,0,28257,28257,0,-60.257635
28/07/2026 12:05,202605,MIDDLE EAST,QATAR,MANCHESTER,DOHA HAMAD,45350,45350,0,54567,54567,0,-16.891161
28/07/2026 12:05,202605,MIDDLE EAST,SAUDI ARABIA,GATWICK,JEDDAH,0,0,0,11927,11927,0,-100
28/07/2026 12:05,202605,MIDDLE EAST,SAUDI ARABIA,GATWICK,NEOM BAY,0,0,0,813,813,0,-100
28/07/2026 12:05,202605,MIDDLE EAST,SAUDI ARABIA,HEATHROW,DAMMAM,2044,2044,0,0,0,0,0
28/07/2026 12:05,202605,MIDDLE EAST,SAUDI ARABIA,HEATHROW,JEDDAH,28591,28591,0,31542,31542,0,-9.35578
28/07/2026 12:05,202605,MIDDLE EAST,SAUDI ARABIA,HEATHROW,RIYADH,33109,33109,0,58721,58721,0,-43.616423
28/07/2026 12:05,202605,MIDDLE EAST,SAUDI ARABIA,BIRMINGHAM,JEDDAH,1198,1198,0,4003,4003,0,-70.072446
28/07/2026 12:05,202605,MIDDLE EAST,SAUDI ARABIA,MANCHESTER,JEDDAH,8081,8081,0,12898,12898,0,-37.346875
28/07/2026 12:05,202605,MIDDLE EAST,UNITED ARAB EMIRATES,GATWICK,DUBAI,34469,34469,0,75428,75428,0,-54.302116
28/07/2026 12:05,202605,MIDDLE EAST,UNITED ARAB EMIRATES,HEATHROW,ABU DHABI INTERNATIONAL,79026,79026,0,86483,86483,0,-8.622504
28/07/2026 12:05,202605,MIDDLE EAST,UNITED ARAB EMIRATES,HEATHROW,DUBAI,114013,114013,0,193050,193050,0,-40.941207
28/07/2026 12:05,202605,MIDDLE EAST,UNITED ARAB EMIRATES,STANSTED,DUBAI,11879,11879,0,34176,34176,0,-65.24169
28/07/2026 12:05,202605,MIDDLE EAST,UNITED ARAB EMIRATES,BIRMINGHAM,DUBAI,17752,17752,0,47927,47927,0,-62.960336
28/07/2026 12:05,202605,MIDDLE EAST,UNITED ARAB EMIRATES,EDINBURGH,DUBAI,7944,7944,0,16098,16098,0,-50.652255
28/07/2026 12:05,202605,MIDDLE EAST,UNITED ARAB EMIRATES,GLASGOW,DUBAI,13158,13158,0,22898,22898,0,-42.536466
28/07/2026 12:05,202605,MIDDLE EAST,UNITED ARAB EMIRATES,LIVERPOOL (JOHN LENNON),DUBAI (WORLD CENTRAL),0,0,0,65,0,65,-100
28/07/2026 12:05,202605,MIDDLE EAST,UNITED ARAB EMIRATES,MANCHESTER,ABU DHABI INTERNATIONAL,30853,30853,0,27789,27789,0,11.025946
28/07/2026 12:05,202605,MIDDLE EAST,UNITED ARAB EMIRATES,MANCHESTER,DUBAI,39748,39748,0,86144,86144,0,-53.858655
28/07/2026 12:05,202605,MIDDLE EAST,UNITED ARAB EMIRATES,NEWCASTLE,DUBAI,8142,8142,0,18657,18657,0,-56.359543
28/07/2026 12:05,202605,INDIAN SUB-CONTINENT,BANGLADESH,HEATHROW,HAZRAT SHAHJALAL INTERNATIONAL AIRPORT,1544,1544,0,713,713,0,116.54979
28/07/2026 12:05,202605,INDIAN SUB-CONTINENT,BANGLADESH,HEATHROW,SYLHET,10222,10222,0,10602,10602,0,-3.584229
28/07/2026 12:05,202605,INDIAN SUB-CONTINENT,INDIA,GATWICK,AHMEDABAD,4258,4258,0,9410,9410,0,-54.750266
28/07/2026 12:05,202605,INDIAN SUB-CONTINENT,INDIA,GATWICK,AMRITSAR,3482,3482,0,4957,4957,0,-29.755901
28/07/2026 12:05,202605,INDIAN SUB-CONTINENT,INDIA,GATWICK,GOA INTERNATIONAL,0,0,0,5761,5761,0,-100
28/07/2026 12:05,202605,INDIAN SUB-CONTINENT,INDIA,HEATHROW,BANGALORE (BENGALURU),40507,40507,0,40294,40294,0,0.528615
28/07/2026 12:05,202605,INDIAN SUB-CONTINENT,INDIA,HEATHROW,CHENNAI,10711,10711,0,11506,11506,0,-6.909439
28/07/2026 12:05,202605,INDIAN SUB-CONTINENT,INDIA,HEATHROW,DELHI,120520,120520,0,112117,112117,0,7.494849
28/07/2026 12:05,202605,INDIAN SUB-CONTINENT,INDIA,HEATHROW,HYDERABAD ( RAJIV GHANDI ),11322,11322,0,15311,15311,0,-26.053164
28/07/2026 12:05,202605,INDIAN SUB-CONTINENT,INDIA,HEATHROW,MUMBAI,106032,106032,0,98726,98726,0,7.40028
28/07/2026 12:05,202605,INDIAN SUB-CONTINENT,INDIA,BIRMINGHAM,AMRITSAR,3240,3240,0,4593,4593,0,-29.457871
28/07/2026 12:05,202605,INDIAN SUB-CONTINENT,INDIA,BIRMINGHAM,DELHI,4584,4584,0,5232,5232,0,-12.385321
28/07/2026 12:05,202605,INDIAN SUB-CONTINENT,INDIA,MANCHESTER,DELHI,5195,5195,0,0,0,0,0
28/07/2026 12:05,202605,INDIAN SUB-CONTINENT,INDIA,MANCHESTER,MUMBAI,7448,7448,0,0,0,0,0
28/07/2026 12:05,202605,INDIAN SUB-CONTINENT,PAKISTAN,GATWICK,ISLAMABAD INTERNATIONAL AIRPORT,6798,6798,0,4165,3995,170,63.217287
28/07/2026 12:05,202605,INDIAN SUB-CONTINENT,PAKISTAN,HEATHROW,ISLAMABAD INTERNATIONAL AIRPORT,6994,6994,0,0,0,0,0
28/07/2026 12:05,202605,INDIAN SUB-CONTINENT,PAKISTAN,HEATHROW,LAHORE,2408,2408,0,0,0,0,0
28/07/2026 12:05,202605,INDIAN SUB-CONTINENT,PAKISTAN,BIRMINGHAM,ISLAMABAD INTERNATIONAL AIRPORT,0,0,0,124,0,124,-100
28/07/2026 12:05,202605,INDIAN SUB-CONTINENT,PAKISTAN,MANCHESTER,ISLAMABAD INTERNATIONAL AIRPORT,7667,7667,0,0,0,0,0
28/07/2026 12:05,202605,INDIAN SUB-CONTINENT,SRI LANKA,HEATHROW,COLOMBO,15110,15110,0,16283,16283,0,-7.203832
28/07/2026 12:05,202605,INDIAN SUB-CONTINENT,SRI LANKA,STANSTED,COLOMBO,93,0,93,0,0,0,0
28/07/2026 12:05,202605,FAR EAST,BRUNEI,HEATHROW,BANDAR SERI BEGAWAN,2998,2998,0,1551,1551,0,93.294649
28/07/2026 12:05,202605,FAR EAST,CHINA,GATWICK,BEIJING,16735,16735,0,1099,1099,0,1422.747953
28/07/2026 12:05,202605,FAR EAST,CHINA,GATWICK,GUANGZHOU BAIYUN INTERNATIONAL,6589,6589,0,0,0,0,0
28/07/2026 12:05,202605,FAR EAST,CHINA,GATWICK,SHANGHAI (PU DONG),49441,49441,0,49188,49188,0,0.514353
28/07/2026 12:05,202605,FAR EAST,CHINA,GATWICK,ZHENGZHOU XINZHENG,3282,3282,0,2820,2820,0,16.382979
28/07/2026 12:05,202605,FAR EAST,CHINA,HEATHROW,BEIJING,35569,35569,0,33576,33576,0,5.935787
28/07/2026 12:05,202605,FAR EAST,CHINA,HEATHROW,BEIJING DAXING INTERNATIONAL AIRPORT,18019,18019,0,18851,18851,0,-4.413559
28/07/2026 12:05,202605,FAR EAST,CHINA,HEATHROW,CHANGSHA HUANGHUA INTERNATIONAL AIRPORT,2882,2882,0,2799,2799,0,2.965345
28/07/2026 12:05,202605,FAR EAST,CHINA,HEATHROW,CHENGDU TIANFU,6175,6175,0,6619,6619,0,-6.707962
28/07/2026 12:05,202605,FAR EAST,CHINA,HEATHROW,CHONGQING JIANGBEI INTERNATIONAL,3568,3568,0,3849,3849,0,-7.300598
28/07/2026 12:05,202605,FAR EAST,CHINA,HEATHROW,GUANGZHOU BAIYUN INTERNATIONAL,17304,17304,0,14822,14822,0,16.745378
28/07/2026 12:05,202605,FAR EAST,CHINA,HEATHROW,HAIKOU,2986,2986,0,1733,1733,0,72.302366
28/07/2026 12:05,202605,FAR EAST,CHINA,HEATHROW,QINGDAO,2635,2635,0,3879,3879,0,-32.070121
28/07/2026 12:05,202605,FAR EAST,CHINA,HEATHROW,SHANGHAI (PU DONG),28315,28315,0,28471,28471,0,-0.547926
28/07/2026 12:05,202605,FAR EAST,CHINA,HEATHROW,SHENZHEN (HUANGTIAN),8387,8387,0,8638,8638,0,-2.905765
28/07/2026 12:05,202605,FAR EAST,CHINA,HEATHROW,TIANJIN,86,86,0,179,179,0,-51.955307
28/07/2026 12:05,202605,FAR EAST,CHINA,HEATHROW,WUHAN TIANHE INTERNATIONAL,3819,3819,0,3104,3104,0,23.034794
28/07/2026 12:05,202605,FAR EAST,CHINA,HEATHROW,XIAN XIANYANG,3412,3412,0,3706,3706,0,-7.933081
28/07/2026 12:05,202605,FAR EAST,CHINA,EDINBURGH,BEIJING,4449,4449,0,4167,4167,0,6.767459
28/07/2026 12:05,202605,FAR EAST,CHINA,MANCHESTER,BEIJING,11423,11423,0,12284,12284,0,-7.009118
28/07/2026 12:05,202605,FAR EAST,CHINA,MANCHESTER,SHANGHAI (PU DONG),7045,7045,0,6056,6056,0,16.330911
28/07/2026 12:05,202605,FAR EAST,HONG KONG,HEATHROW,HONG KONG (CHEK LAP KOK),103876,103876,0,104494,104494,0,-0.591422
28/07/2026 12:05,202605,FAR EAST,HONG KONG,MANCHESTER,HONG KONG (CHEK LAP KOK),20562,20562,0,10498,10378,120,95.865879
28/07/2026 12:05,202605,FAR EAST,JAPAN,HEATHROW,TOKYO (HANEDA),65732,65732,0,68054,68054,0,-3.411996
28/07/2026 12:05,202605,FAR EAST,MALAYSIA,HEATHROW,KUALA LUMPUR (SEPANG),37942,37942,0,37958,37958,0,-0.042152
28/07/2026 12:05,202605,FAR EAST,MALAYSIA,MANCHESTER,KUALA LUMPUR (SEPANG),0,0,0,80,0,80,-100
28/07/2026 12:05,202605,FAR EAST,REPUBLIC OF KOREA,HEATHROW,SEOUL (INCHEON),41380,41380,0,29850,29850,0,38.626466
28/07/2026 12:05,202605,FAR EAST,SINGAPORE,GATWICK,SINGAPORE,17394,17394,0,12727,12727,0,36.670072
28/07/2026 12:05,202605,FAR EAST,SINGAPORE,HEATHROW,SINGAPORE,124143,124143,0,121709,121709,0,1.999852
28/07/2026 12:05,202605,FAR EAST,SINGAPORE,MANCHESTER,SINGAPORE,10217,10217,0,8566,8566,0,19.273873
28/07/2026 12:05,202605,FAR EAST,TAIWAN,HEATHROW,TAIPEI,11588,11588,0,10713,10713,0,8.167647
28/07/2026 12:05,202605,FAR EAST,THAILAND,GATWICK,BANGKOK SUVARNABHUMI ,7850,7850,0,0,0,0,0
28/07/2026 12:05,202605,FAR EAST,THAILAND,HEATHROW,BANGKOK SUVARNABHUMI ,40927,40927,0,46650,46650,0,-12.267953
28/07/2026 12:05,202605,FAR EAST,THAILAND,MANCHESTER,PHUKET,160,0,160,0,0,0,0
28/07/2026 12:05,202605,FAR EAST,VIETNAM,HEATHROW,HANOI,6456,6456,0,4755,4755,0,35.772871
28/07/2026 12:05,202605,FAR EAST,VIETNAM,HEATHROW,HO CHI MINH CITY,3844,3844,0,3205,3205,0,19.937598
28/07/2026 12:05,202605,AUSTRALASIA,AUSTRALIA,GATWICK,SYDNEY,0,0,0,883,0,883,-100
28/07/2026 12:05,202605,AUSTRALASIA,AUSTRALIA,HEATHROW,PERTH (AUSTRALIA),6622,6622,0,12844,12844,0,-48.442853
28/07/2026 12:05,202605,AUSTRALASIA,AUSTRALIA,HEATHROW,SYDNEY,12679,12411,268,12465,11574,891,1.716807
28/07/2026 12:05,202605,CANADA,CANADA,GATWICK,HALIFAX INT,3720,3720,0,3862,3862,0,-3.676851
28/07/2026 12:05,202605,CANADA,CANADA,GATWICK,MONTREAL (DORVAL),5657,5657,0,5021,5021,0,12.666799
28/07/2026 12:05,202605,CANADA,CANADA,GATWICK,OTTAWA INTERNATIONAL,1329,1329,0,0,0,0,0
28/07/2026 12:05,202605,CANADA,CANADA,GATWICK,ST JOHNS,4822,4822,0,5140,5140,0,-6.18677
28/07/2026 12:05,202605,CANADA,CANADA,GATWICK,TORONTO,14787,14787,0,18703,18703,0,-20.937817
28/07/2026 12:05,202605,CANADA,CANADA,GATWICK,VANCOUVER,14062,14062,0,0,0,0,0
28/07/2026 12:05,202605,CANADA,CANADA,HEATHROW,CALGARY,34628,34628,0,34567,34567,0,0.176469
28/07/2026 12:05,202605,CANADA,CANADA,HEATHROW,HALIFAX INT,9059,9059,0,8103,8103,0,11.798099
28/07/2026 12:05,202605,CANADA,CANADA,HEATHROW,MONTREAL (DORVAL),41945,41945,0,37071,37071,0,13.147744
28/07/2026 12:05,202605,CANADA,CANADA,HEATHROW,OTTAWA INTERNATIONAL,8542,8542,0,9380,9380,0,-8.933902
28/07/2026 12:05,202605,CANADA,CANADA,HEATHROW,TORONTO,118239,118239,0,116609,116609,0,1.397834
28/07/2026 12:05,202605,CANADA,CANADA,HEATHROW,VANCOUVER,45914,45914,0,49735,49735,0,-7.682718
28/07/2026 12:05,202605,CANADA,CANADA,CARDIFF WALES,TORONTO,969,969,0,0,0,0,0
28/07/2026 12:05,202605,CANADA,CANADA,EDINBURGH,CALGARY,2883,2883,0,2361,2361,0,22.109276
28/07/2026 12:05,202605,CANADA,CANADA,EDINBURGH,HALIFAX INT,3740,3740,0,1690,1690,0,121.301775
28/07/2026 12:05,202605,CANADA,CANADA,EDINBURGH,TORONTO,16917,16917,0,15666,15666,0,7.985446
28/07/2026 12:05,202605,CANADA,CANADA,GLASGOW,TORONTO,9499,9499,0,8164,8164,0,16.352278
28/07/2026 12:05,202605,CANADA,CANADA,MANCHESTER,TORONTO,9622,9622,0,8237,8237,0,16.814374
28/07/2026 12:05,202605,UNITED STATES OF AMERICA,USA,GATWICK,BOSTON,2694,2694,0,1956,1956,0,37.730061
28/07/2026 12:05,202605,UNITED STATES OF AMERICA,USA,GATWICK,LAS VEGAS,0,0,0,7419,7419,0,-100
28/07/2026 12:05,202605,UNITED STATES OF AMERICA,USA,GATWICK,LOS ANGELES INTERNATIONAL,0,0,0,11748,11748,0,-100
28/07/2026 12:05,202605,UNITED STATES OF AMERICA,USA,GATWICK,MELBOURNE FLATS,3765,0,3765,3044,0,3044,23.68594
28/07/2026 12:05,202605,UNITED STATES OF AMERICA,USA,GATWICK,MIAMI INTERNATIONAL,0,0,0,17896,17896,0,-100
28/07/2026 12:05,202605,UNITED STATES OF AMERICA,USA,GATWICK,NEW YORK (JF KENNEDY),10506,10506,0,38907,38907,0,-72.997147
28/07/2026 12:05,202605,UNITED STATES OF AMERICA,USA,GATWICK,ORLANDO,46657,46657,0,53693,53693,0,-13.104129
28/07/2026 12:05,202605,UNITED STATES OF AMERICA,USA,GATWICK,TAMPA,14114,14114,0,15425,15425,0,-8.49919
28/07/2026 12:05,202605,UNITED STATES OF AMERICA,USA,HEATHROW,ATLANTA,68847,68847,0,73190,73190,0,-5.933871
28/07/2026 12:05,202605,UNITED STATES OF AMERICA,USA,HEATHROW,AUSTIN (BERGSTROM),28857,28857,0,25881,25881,0,11.498783
28/07/2026 12:05,202605,UNITED STATES OF AMERICA,USA,HEATHROW,BALTIMORE,13364,13364,0,14899,14899,0,-10.302705
28/07/2026 12:05,202605,UNITED STATES OF AMERICA,USA,HEATHROW,BOSTON,99266,99266,0,102536,102536,0,-3.189124
28/07/2026 12:05,202605,UNITED STATES OF AMERICA,USA,HEATHROW,CHARLOTTE,46845,46845,0,45246,45246,0,3.534014
28/07/2026 12:05,202605,UNITED STATES OF AMERICA,USA,HEATHROW,CHICAGO (O'HARE),104436,104436,0,113271,113271,0,-7.799878
28/07/2026 12:05,202605,UNITED STATES OF AMERICA,USA,HEATHROW,CINCINNATI,11860,11860,0,8598,8598,0,37.939056
28/07/2026 12:05,202605,UNITED STATES OF AMERICA,USA,HEATHROW,DALLAS/FORT WORTH,78878,78878,0,66654,66654,0,18.339485
28/07/2026 12:05,202605,UNITED STATES OF AMERICA,USA,HEATHROW,DENVER INTERNATIONAL,42588,42588,0,42576,42576,0,0.028185
28/07/2026 12:05,202605,UNITED STATES OF AMERICA,USA,HEATHROW,DETROIT,15773,15773,0,12630,12630,0,24.885194
28/07/2026 12:05,202605,UNITED STATES OF AMERICA,USA,HEATHROW,HOUSTON,48595,48595,0,50656,50656,0,-4.06862
28/07/2026 12:05,202605,UNITED STATES OF AMERICA,USA,HEATHROW,LAS VEGAS,44050,44050,0,40434,40434,0,8.942969
28/07/2026 12:05,202605,UNITED STATES OF AMERICA,USA,HEATHROW,LOS ANGELES INTERNATIONAL,128113,128113,0,128539,128539,0,-0.331417
28/07/2026 12:05,202605,UNITED STATES OF AMERICA,USA,HEATHROW,MIAMI INTERNATIONAL,88891,88891,0,79350,79350,0,12.023945
28/07/2026 12:05,202605,UNITED STATES OF AMERICA,USA,HEATHROW,MINNEAPOLIS-ST PAUL,14525,14525,0,15123,15123,0,-3.954242
28/07/2026 12:05,202605,UNITED STATES OF AMERICA,USA,HEATHROW,NASHVILLE METROPOLITAN,19633,19633,0,13996,13996,0,40.275793
28/07/2026 12:05,202605,UNITED STATES OF AMERICA,USA,HEATHROW,NEW ORLEANS,9963,9963,0,10027,10027,0,-0.638277
28/07/2026 12:05,202605,UNITED STATES OF AMERICA,USA,HEATHROW,NEW YORK (JF KENNEDY),267586,267586,0,274635,274635,0,-2.566679
28/07/2026 12:05,202605,UNITED STATES OF AMERICA,USA,HEATHROW,NEW YORK (NEWARK),88017,88017,0,76273,76273,0,15.397323
28/07/2026 12:05,202605,UNITED STATES OF AMERICA,USA,HEATHROW,ORLANDO,35991,35991,0,34216,34216,0,5.187632
28/07/2026 12:05,202605,UNITED STATES OF AMERICA,USA,HEATHROW,PHILADELPHIA INTERNATIONAL,43641,43641,0,47164,47164,0,-7.46968
28/07/2026 12:05,202605,UNITED STATES OF AMERICA,USA,HEATHROW,PHOENIX,32882,32882,0,33937,33937,0,-3.108701
28/07/2026 12:05,202605,UNITED STATES OF AMERICA,USA,HEATHROW,PITTSBURGH,12078,12078,0,12263,12263,0,-1.508603
28/07/2026 12:05,202605,UNITED STATES OF AMERICA,USA,HEATHROW,PORTLAND (OREGON),13196,13196,0,14438,14438,0,-8.602299
28/07/2026 12:05,202605,UNITED STATES OF AMERICA,USA,HEATHROW,RALEIGH,12855,12855,0,13163,13163,0,-2.339892
28/07/2026 12:05,202605,UNITED STATES OF AMERICA,USA,HEATHROW,SALT LAKE CITY,8567,8567,0,8811,8811,0,-2.769266
28/07/2026 12:05,202605,UNITED STATES OF AMERICA,USA,HEATHROW,SAN DIEGO,26163,26163,0,24420,24420,0,7.137592
28/07/2026 12:05,202605,UNITED STATES OF AMERICA,USA,HEATHROW,SAN FRANCISCO,98748,98748,0,102264,102264,0,-3.43816
28/07/2026 12:05,202605,UNITED STATES OF AMERICA,USA,HEATHROW,SEATTLE (TACOMA),52721,52721,0,51520,51520,0,2.331134
28/07/2026 12:05,202605,UNITED STATES OF AMERICA,USA,HEATHROW,ST LOUIS (LAMBERT),6063,6063,0,0,0,0,0
28/07/2026 12:05,202605,UNITED STATES OF AMERICA,USA,HEATHROW,TAMPA,13142,13142,0,13385,13385,0,-1.815465
28/07/2026 12:05,202605,UNITED STATES OF AMERICA,USA,HEATHROW,WASHINGTON (DULLES),74692,74692,0,82158,82158,0,-9.087368
28/07/2026 12:05,202605,UNITED STATES OF AMERICA,USA,BIRMINGHAM,MELBOURNE FLATS,0,0,0,2700,0,2700,-100
28/07/2026 12:05,202605,UNITED STATES OF AMERICA,USA,EDINBURGH,ATLANTA,11722,11722,0,10670,10670,0,9.859419
28/07/2026 12:05,202605,UNITED STATES OF AMERICA,USA,EDINBURGH,BOSTON,16782,16782,0,10572,10572,0,58.740068
28/07/2026 12:05,202605,UNITED STATES OF AMERICA,USA,EDINBURGH,CHICAGO (O'HARE),9823,9823,0,9848,9848,0,-0.253859
28/07/2026 12:05,202605,UNITED STATES OF AMERICA,USA,EDINBURGH,NEW YORK (JF KENNEDY),24096,24096,0,16541,16541,0,45.674385
28/07/2026 12:05,202605,UNITED STATES OF AMERICA,USA,EDINBURGH,NEW YORK (NEWARK),9335,9335,0,9888,9888,0,-5.592638
28/07/2026 12:05,202605,UNITED STATES OF AMERICA,USA,EDINBURGH,ORLANDO,6547,6547,0,6207,6207,0,5.477686
28/07/2026 12:05,202605,UNITED STATES OF AMERICA,USA,EDINBURGH,PHILADELPHIA INTERNATIONAL,14073,14073,0,3171,3171,0,343.803217
28/07/2026 12:05,202605,UNITED STATES OF AMERICA,USA,EDINBURGH,WASHINGTON (DULLES),8818,8818,0,9699,9699,0,-9.083411
28/07/2026 12:05,202605,UNITED STATES OF AMERICA,USA,GLASGOW,MELBOURNE FLATS,3317,0,3317,3324,288,3036,-0.21059
28/07/2026 12:05,202605,UNITED STATES OF AMERICA,USA,GLASGOW,NEW YORK (JF KENNEDY),0,0,0,155,0,155,-100
28/07/2026 12:05,202605,UNITED STATES OF AMERICA,USA,GLASGOW,NEW YORK (NEWARK),5067,5067,0,0,0,0,0
28/07/2026 12:05,202605,UNITED STATES OF AMERICA,USA,GLASGOW,WEST PALM BEACH,71,0,71,0,0,0,0
28/07/2026 12:05,202605,UNITED STATES OF AMERICA,USA,MANCHESTER,ATLANTA,13040,13040,0,12803,12803,0,1.851129
28/07/2026 12:05,202605,UNITED STATES OF AMERICA,USA,MANCHESTER,LAS VEGAS,8058,8058,0,8339,8339,0,-3.369709
28/07/2026 12:05,202605,UNITED STATES OF AMERICA,USA,MANCHESTER,MELBOURNE FLATS,5887,0,5887,4824,0,4824,22.035655
28/07/2026 12:05,202605,UNITED STATES OF AMERICA,USA,MANCHESTER,NEW YORK (JF KENNEDY),14611,14611,0,31175,31041,134,-53.132318
28/07/2026 12:05,202605,UNITED STATES OF AMERICA,USA,MANCHESTER,ORLANDO,21407,21407,0,33272,33272,0,-35.660616
28/07/2026 12:05,202605,UNITED STATES OF AMERICA,USA,NEWCASTLE,MELBOURNE FLATS,3308,3308,0,2993,2993,0,10.524557
28/07/2026 12:05,202605,CENTRAL AMERICA,DOMINICAN REPUBLIC,GATWICK,PUNTA CANA,19506,8196,11310,17799,7421,10378,9.590426
28/07/2026 12:05,202605,CENTRAL AMERICA,DOMINICAN REPUBLIC,BIRMINGHAM,PUNTA CANA,4800,0,4800,4556,0,4556,5.355575
28/07/2026 12:05,202605,CENTRAL AMERICA,DOMINICAN REPUBLIC,MANCHESTER,PUNTA CANA,11282,0,11282,10979,0,10979,2.759814
28/07/2026 12:05,202605,CENTRAL AMERICA,MEXICO,GATWICK,CANCUN,29135,29135,0,30873,30873,0,-5.629514
28/07/2026 12:05,202605,CENTRAL AMERICA,MEXICO,HEATHROW,MEXICO CITY,26506,26506,0,24784,24784,0,6.948031
28/07/2026 12:05,202605,CENTRAL AMERICA,MEXICO,BIRMINGHAM,CANCUN,5641,5641,0,7392,7392,0,-23.687771
28/07/2026 12:05,202605,CENTRAL AMERICA,MEXICO,GLASGOW,CANCUN,4374,4374,0,4098,3499,599,6.734993
28/07/2026 12:05,202605,CENTRAL AMERICA,MEXICO,MANCHESTER,CANCUN,14850,14850,0,19289,19289,0,-23.013116
28/07/2026 12:05,202605,CENTRAL AMERICA,MEXICO,NEWCASTLE,CANCUN,2394,2394,0,3671,3671,0,-34.786162
28/07/2026 12:05,202605,SOUTH AMERICA,ARGENTINA,HEATHROW,BUENOS AIRES,5691,5691,0,7495,7495,0,-24.06938
28/07/2026 12:05,202605,SOUTH AMERICA,BRAZIL,HEATHROW,RIO DE JANEIRO (GALEAO),9398,9398,0,8016,8016,0,17.240519
28/07/2026 12:05,202605,SOUTH AMERICA,BRAZIL,HEATHROW,SAO PAULO (GUARULHOS),42910,42910,0,42202,42202,0,1.677646
28/07/2026 12:05,202605,SOUTH AMERICA,CHILE,HEATHROW,SANTIAGO DE CHILE,4527,4527,0,4990,4990,0,-9.278557
28/07/2026 12:05,202605,SOUTH AMERICA,COLOMBIA,HEATHROW,BOGOTA,14906,14906,0,13946,13946,0,6.883694
28/07/2026 12:05,202605,SOUTH AMERICA,GUYANA,GATWICK,GEORGETOWN (GUYANA),1047,1047,0,1598,1598,0,-34.480601
28/07/2026 12:05,202605,CARIBBEAN AREA,ANTIGUA AND BARBUDA,GATWICK,ANTIGUA,11077,11077,0,11080,11080,0,-0.027076
28/07/2026 12:05,202605,CARIBBEAN AREA,ANTIGUA AND BARBUDA,HEATHROW,ANTIGUA,0,0,0,209,209,0,-100
28/07/2026 12:05,202605,CARIBBEAN AREA,BAHAMAS,HEATHROW,NASSAU,7680,7680,0,6658,6658,0,15.349955
28/07/2026 12:05,202605,CARIBBEAN AREA,BARBADOS,HEATHROW,BRIDGETOWN,30060,30060,0,31249,31249,0,-3.804922
28/07/2026 12:05,202605,CARIBBEAN AREA,BARBADOS,BIRMINGHAM,BRIDGETOWN,292,0,292,0,0,0,0
28/07/2026 12:05,202605,CARIBBEAN AREA,BARBADOS,MANCHESTER,BRIDGETOWN,0,0,0,6042,6042,0,-100
28/07/2026 12:05,202605,CARIBBEAN AREA,BERMUDA,HEATHROW,BERMUDA,11664,11664,0,10437,10437,0,11.756252
28/07/2026 12:05,202605,CARIBBEAN AREA,CAYMAN ISLANDS,HEATHROW,GRAND CAYMAN,4455,4455,0,4891,4891,0,-8.914332
28/07/2026 12:05,202605,CARIBBEAN AREA,GRENADA,GATWICK,GRENADA,3287,3287,0,3132,3132,0,4.948914
28/07/2026 12:05,202605,CARIBBEAN AREA,JAMAICA,GATWICK,KINGSTON,10436,10436,0,8624,8624,0,21.011132
28/07/2026 12:05,202605,CARIBBEAN AREA,JAMAICA,GATWICK,MONTEGO BAY,7659,0,7659,9201,0,9201,-16.759048
28/07/2026 12:05,202605,CARIBBEAN AREA,JAMAICA,HEATHROW,MONTEGO BAY,8182,8182,0,8725,8725,0,-6.223496
28/07/2026 12:05,202605,CARIBBEAN AREA,JAMAICA,BIRMINGHAM,MONTEGO BAY,5832,0,5832,5709,0,5709,2.154493
28/07/2026 12:05,202605,CARIBBEAN AREA,JAMAICA,MANCHESTER,MONTEGO BAY,5115,0,5115,5264,0,5264,-2.830547
28/07/2026 12:05,202605,CARIBBEAN AREA,SAINT KITTS AND NEVIS,GATWICK,ST KITTS,1830,1830,0,1555,1555,0,17.684887
28/07/2026 12:05,202605,CARIBBEAN AREA,ST LUCIA,GATWICK,ST LUCIA (HEWANORRA),10425,10425,0,12080,10334,1746,-13.700331
28/07/2026 12:05,202605,CARIBBEAN AREA,TRINIDAD AND TOBAGO,GATWICK,PORT OF SPAIN,4701,4701,0,5408,5408,0,-13.073225
28/07/2026 12:05,202605,CARIBBEAN AREA,TRINIDAD AND TOBAGO,GATWICK,TOBAGO,917,917,0,1039,1039,0,-11.74206
28/07/2026 12:05,202605,CARIBBEAN AREA,TURKS AND CAICOS ISLANDS,HEATHROW,PROVIDENCIALES,1214,1214,0,1555,1555,0,-21.92926
28/07/2026 12:05,202605,INDIAN OCEAN ISLANDS,MALDIVE ISLANDS,HEATHROW,MALE INTERNATIONAL,5383,5383,0,5310,5310,0,1.374765
28/07/2026 12:05,202605,INDIAN OCEAN ISLANDS,MAURITIUS,GATWICK,MAURITIUS,19318,19318,0,21842,21842,0,-11.555718
28/07/2026 12:05,202605,ATLANTIC OCEAN ISLANDS,ASCENSION ISLAND,MANCHESTER,SAINT HELENA,14,14,0,0,0,0,0
28/07/2026 12:05,202605,ATLANTIC OCEAN ISLANDS,CAPE VERDE ISLANDS,GATWICK,BOA VISTA (RABIL),3968,3968,0,6542,6542,0,-39.345766
28/07/2026 12:05,202605,ATLANTIC OCEAN ISLANDS,CAPE VERDE ISLANDS,GATWICK,ILHA DO SAL C.VERDE,6784,6784,0,8660,8660,0,-21.662818
28/07/2026 12:05,202605,ATLANTIC OCEAN ISLANDS,CAPE VERDE ISLANDS,BIRMINGHAM,BOA VISTA (RABIL),2609,2609,0,3240,3240,0,-19.475309
28/07/2026 12:05,202605,ATLANTIC OCEAN ISLANDS,CAPE VERDE ISLANDS,BIRMINGHAM,ILHA DO SAL C.VERDE,3222,3222,0,4251,4251,0,-24.206069
28/07/2026 12:05,202605,ATLANTIC OCEAN ISLANDS,CAPE VERDE ISLANDS,BRISTOL,ILHA DO SAL C.VERDE,2601,2601,0,2680,2680,0,-2.947761
28/07/2026 12:05,202605,ATLANTIC OCEAN ISLANDS,CAPE VERDE ISLANDS,EAST MIDLANDS INTERNATIONAL,BOA VISTA (RABIL),0,0,0,3057,3057,0,-100
28/07/2026 12:05,202605,ATLANTIC OCEAN ISLANDS,CAPE VERDE ISLANDS,EAST MIDLANDS INTERNATIONAL,ILHA DO SAL C.VERDE,258,258,0,0,0,0,0
28/07/2026 12:05,202605,ATLANTIC OCEAN ISLANDS,CAPE VERDE ISLANDS,GLASGOW,ILHA DO SAL C.VERDE,1052,1052,0,1576,1576,0,-33.248731
28/07/2026 12:05,202605,ATLANTIC OCEAN ISLANDS,CAPE VERDE ISLANDS,MANCHESTER,BOA VISTA (RABIL),3971,3971,0,6374,6374,0,-37.700031
28/07/2026 12:05,202605,ATLANTIC OCEAN ISLANDS,CAPE VERDE ISLANDS,MANCHESTER,ILHA DO SAL C.VERDE,5921,5921,0,5245,5245,0,12.888465
28/07/2026 12:05,202605,ATLANTIC OCEAN ISLANDS,CAPE VERDE ISLANDS,NEWCASTLE,ILHA DO SAL C.VERDE,851,851,0,1292,1292,0,-34.133127
28/07/2026 12:05,202605,OIL RIGS,OIL RIGS,ABERDEEN,OIL RIGS,23463,0,23463,25911,0,25911,-9.447725
28/07/2026 12:05,202605,OIL RIGS,OIL RIGS,BLACKPOOL,OIL RIGS,2377,0,2377,1198,0,1198,98.414023
28/07/2026 12:05,202605,OIL RIGS,OIL RIGS,DUNDEE,OIL RIGS,0,0,0,10,0,10,-100
28/07/2026 12:05,202605,OIL RIGS,OIL RIGS,HUMBERSIDE,OIL RIGS,870,0,870,935,0,935,-6.951872
28/07/2026 12:05,202605,OIL RIGS,OIL RIGS,KIRKWALL,OIL RIGS,0,0,0,42,0,42,-100
28/07/2026 12:05,202605,OIL RIGS,OIL RIGS,NORWICH,OIL RIGS,5805,0,5805,6351,0,6351,-8.597071
28/07/2026 12:05,202605,OIL RIGS,OIL RIGS,SUMBURGH,OIL RIGS,4941,0,4941,7200,0,7200,-31.375
28/07/2026 12:05,202605,OIL RIGS,OIL RIGS,WICK JOHN O GROATS,OIL RIGS,0,0,0,70,0,70,-100

